ticker,last_score,lstm_prediction,lstm_change,score_volatility,n_training_points,lstm_confidence
MAIN,26.78,28.678692354021614,1.8986923540216125,0.6897456052777721,10,0.974244002790225
CHWY,67.77,68.58673709323102,0.8167370932310263,1.586680812261873,10,0.9765872685220323
ACDC,34.24,34.961323904431566,0.7213239044315642,1.1592566583807056,10,0.966143205070657
SFIX,22.54,23.128117101668277,0.5881171016682778,12.314162943537818,10,0.45367511341890776
ARRY,50.03,50.53741516634914,0.5074151663491406,0.3986176112516855,10,0.9920324283179756
HIMS,96.61,97.09085175073204,0.4808517507320431,0.7794260709008911,10,0.9919322423051352
BOOT,70.76,71.15620556779595,0.3962055677959455,0.24136279746472838,10,0.9965889938176268
DUOL,92.99,93.36562497684722,0.3756249768472202,0.339446608467372,10,0.9963496439566902
ZM,85.05,85.41193714830375,0.36193714830375256,0.20032224040280577,10,0.9976446532580505
EBAY,73.03,73.3843359759241,0.3543359759241014,0.29917219122104316,10,0.9959034343253315
VNO,59.59,59.92794076454686,0.3379407645468575,0.5451641954494068,10,0.9908514147432554
CNK,45.57,45.87838454823582,0.3083845482358214,0.6711333697559674,10,0.9852724737819625
TSLA,77.8,78.10485661698203,0.30485661698203614,0.20645580640902325,10,0.9973463263957709
EQR,56.04,56.3117557754851,0.2717557754851043,0.3763030693470357,10,0.9932850986911664
AVAV,66.65,66.91789973054041,0.2678997305404067,0.33064331234730787,10,0.9950391100923135
RIVN,23.02,23.284914124366434,0.2649141243664346,0.3054521239081509,10,0.9867310111247545
ZS,47.75,47.98321713138808,0.23321713138808065,0.21525798475317848,10,0.9954919793768968
MDT,64.84,65.07049177400154,0.23049177400153553,0.6587442599370408,10,0.9898404648374917
AZO,61.98,62.1942095103362,0.21420951033620383,1.7326326789022515,10,0.9720452939835067
SSRM,79.68,79.88358117361958,0.2035811736195683,0.24735601872604687,10,0.9968956322951048
FTI,71.85,72.05240914298007,0.2024091429800734,0.6601583143458845,10,0.9908119928413934
UPWK,78.1,78.29994097632756,0.1999409763275679,0.9627689234702161,10,0.9876726130157463
MANH,81.74,81.92045898182594,0.1804589818259501,0.10583477689304271,10,0.998705226610068
GWRE,84.02,84.19272337284677,0.1727233728467752,0.29431445768089576,10,0.9964970904822554
YELP,83.15,83.32225521185909,0.17225521185908121,0.2473944219257984,10,0.9970247213238028
BROS,68.65,68.81849475851251,0.16849475851250872,0.24262934694714727,10,0.9964657050699615
PACB,18.31,18.478085117125893,0.16808511712589436,0.5475034246468232,10,0.9700981198991359
ETSY,64.49,64.65322975168765,0.16322975168765197,0.6247271404381298,10,0.9903128060096429
DBX,64.09,64.25301871090173,0.16301871090172426,0.22514217730136482,10,0.9964870935044255
YPF,45.64,45.78016799545366,0.140167995453659,0.2623375687925771,10,0.9942520252236509
BIIB,61.06,61.19368115837125,0.13368115837124606,0.1788882332631192,10,0.9970702876963131
NMR,24.11,24.24097152863248,0.13097152863247885,0.16197530676001157,10,0.9932818205408539
UHAL,40.85,40.9752037538158,0.1252037538157964,0.3606383229774671,10,0.9911716444803558
BMRN,83.38,83.49735710775346,0.1173571077534632,0.08419619943916733,10,0.9989902110885204
KVUE,59.76,59.87657597289665,0.11657597289665489,0.4817686166615671,10,0.9919382761602816
CWST,62.47,62.58512767336219,0.11512767336218843,0.12835887191776096,10,0.9979452717797701
ABNB,84.35,84.45720518840646,0.10720518840646776,0.18821530224718921,10,0.9977686389775081
DFS,40.62,40.725446971575984,0.10544697157598648,0.17525980714356615,10,0.9956853814095626
FL,33.05,33.15429673641867,0.1042967364186751,0.1380615804632126,10,0.9958226450691917
GDDY,68.12,68.22415609469425,0.1041560946942468,0.09565040512198342,10,0.9985958542994424
GT,32.25,32.35147527971075,0.10147527971074766,0.5040248009770947,10,0.9843713240007103
ZI,52.11,52.20845764930032,0.09845764930032175,0.13676622390049462,10,0.9973754322797832
CHKP,30.87,30.967318628711144,0.09731862871114316,0.18829763673503713,10,0.993900303312762
UTHR,90.43,90.52647625880078,0.09647625880077726,0.18809837851507188,10,0.9979199560044778
MMSI,73.43,73.51865881954896,0.08865881954895372,0.11967038062946042,10,0.9983702794412439
CIG,39.79,39.87855241737397,0.08855241737396824,0.28258803937887983,10,0.992898013586859
CMBT,38.54,38.62670216281946,0.08670216281946352,0.055326304774492456,10,0.9985644446088611
MNST,94.46,94.5400458446854,0.08004584468540088,0.1963288058334769,10,0.9979215667390062
VEEV,96.36,96.43869835649915,0.07869835649914592,0.17511139311877863,10,0.9981827377218889
EEFT,53.96,54.033015275825186,0.07301527582518474,1.0024594754901575,10,0.9814221742866909
ARWR,23.42,23.489064132526345,0.0690641325263428,0.40795097744704545,10,0.9825810855061039
COTY,34.49,34.55863832387579,0.06863832387578839,0.09361623790774808,10,0.9972856991038634
ISRG,43.41,43.47583605022782,0.0658360502278228,0.15912573644762715,10,0.9963343529959081
CNC,48.72,48.7726476381515,0.0526476381514982,0.07764663547121729,10,0.9984062677448436
NCLH,41.48,41.53030967925816,0.05030967925816299,0.2143921640359092,10,0.9948314328824516
ORLY,66.29,66.34000987730911,0.05000987730910822,0.3906353798620903,10,0.9941071748399142
NOW,89.6,89.6491845213656,0.04918452136560347,0.21187024330943832,10,0.9976353767487786
IQ,40.05,40.095613298843645,0.045613298843647954,0.12531959144523386,10,0.9968709215619168
CYBR,32.07,32.11094445680211,0.040944456802108675,0.20775225630543637,10,0.9935219128061916
MXL,22.12,22.15203492621215,0.03203492621214821,0.08407734534343958,10,0.9961990350206401
LCID,29.67,29.69784382336901,0.02784382336900748,0.1709502851708646,10,0.9942382782214066
SMFG,26.06,26.087285460028266,0.02728546002826704,0.14907716122867376,10,0.9942794642659757
ACGL,73.35,73.37722033882712,0.027220338827120827,0.11670475568716288,10,0.9984089331194661
APP,82.28,82.30552818196232,0.02552818196231499,0.10824047302187757,10,0.9986844862296806
ZD,56.61,56.63369328100368,0.02369328100368051,0.12039933554633929,10,0.9978731790223222
PLUG,12.84,12.859393181998783,0.01939318199878315,0.16418282492392458,10,0.9872131756289778
WDAY,84.57,84.58797010658971,0.017970106589714874,0.3968425380424849,10,0.9953075258597318
GME,65.89,65.90759766591398,0.01759766591398204,3.2705383348922834,10,0.9503636616346596
CPRT,89.29,89.30571433147952,0.015714331479514954,0.25547015481264895,10,0.9971388716002615
BHC,44.36,44.375498858194334,0.015498858194334275,0.49110182243604145,10,0.9889291744265996
ANSS,80.98,80.99110765001366,0.011107650013656212,0.0963535157635649,10,0.9988101566341867
VRTX,84.14,84.14534632364065,0.0053463236406514625,0.09718538984847436,10,0.998844956146322
CLF,30.87,30.870419272118717,0.00041927211871595205,0.1627421273057466,10,0.9947281461838112
INCY,85.19,85.18897317877665,-0.0010268212233484064,0.27480174671933694,10,0.9967742487766248
AXON,92.29,92.28356312562467,-0.00643687437533913,0.011999999999998087,10,0.9998699750785568
SPOT,89.24,89.22977396960371,-0.010226030396282226,0.020615528128089543,10,0.9997689878067224
ILMN,58.09,58.07418965054454,-0.01581034945546378,0.15954936540143203,10,0.997253410821115
NBIS,42.77,42.74732458166917,-0.022675418330834418,0.052497618993627246,10,0.9987725597616641
NIO,14.18,14.157320333849766,-0.022679666150233757,0.10264501936285088,10,0.99276128213238
NLY,16.68,16.656582960037813,-0.023417039962186692,0.08236504112789565,10,0.9950620478940111
HAIN,26.4,26.3763244427721,-0.023675557227900157,0.3969899243053912,10,0.98496250286722
IOT,48.44,48.41596640524368,-0.024033594756318166,0.24009164916756223,10,0.9950435249965408
MGM,43.66,43.629208734158986,-0.03079126584101033,0.18204395073717733,10,0.995830417985864
PATH,41.47,41.435278967022896,-0.03472103297710305,0.3029125286283157,10,0.9926956226518371
NTR,43.71,43.6747230921747,-0.03527690782529902,0.514703798315108,10,0.9882245756505351
ZBRA,67.31,67.2717969195923,-0.0382030804076976,0.10872442227944998,10,0.9983847211071245
HOOD,45.68,45.64039084957123,-0.03960915042876678,0.07964923100695907,10,0.998256365345732
DOCU,82.53,82.49020503269375,-0.03979496730624987,0.1501366044640686,10,0.9981808238887184
CROX,58.79,58.747701235575704,-0.04229876442429514,0.16197530676001234,10,0.9972448493492089
MMYT,85.6,85.55361574425478,-0.04638425574520966,0.5107337858415099,10,0.9940334838102627
LUMN,39.1,39.052448539327024,-0.04755146067297744,0.033000000000001035,10,0.999156010230179
NICE,81.58,81.53228849140795,-0.04771150859204454,0.2565073098373609,10,0.996855757418027
USFD,48.77,48.71972703228226,-0.05027296771774559,0.23640854468483075,10,0.9951525826392285
DECK,85.1,85.04504506645397,-0.05495493354602843,0.11974973903938071,10,0.9985928350289145
PLTR,101.92,101.86445538191501,-0.05554461808499411,0.11139569111954009,10,0.9989070281483562
LU,58.19,58.13390660830008,-0.05609339169991756,0.37037953507179644,10,0.9936349968195257
QRVO,67.62,67.56246205046773,-0.05753794953227498,0.15073154945133427,10,0.9977709028475106
RH,43.35,43.29137052642012,-0.05862947357988446,0.36299449031631287,10,0.9916264246755175
KEX,24.43,24.36922190886478,-0.06077809113521937,0.10590561835898953,10,0.9956649358019243
CDNS,92.69,92.62917287116305,-0.06082712883694796,0.19912056649176144,10,0.997851757832649
LULU,81.88,81.81555081397669,-0.06444918602331029,0.1886690223645628,10,0.9976957862437157
FSLR,70.7,70.6328532379813,-0.06714676201870873,0.22769277546729477,10,0.9967794515492603
WU,38.97,38.89746162770068,-0.07253837229932003,0.22623881187806805,10,0.9941945390844735
VALE,48.14,48.061329827550914,-0.0786701724490868,0.27990176848315884,10,0.9941856716143922
KRC,51.67,51.591047340310546,-0.07895265968945608,0.638467696911911,10,0.9876433579076463
AMZN,79.64,79.55713234259238,-0.08286765740761837,0.13481839637082263,10,0.9983071522304016
FCN,64.98,64.89629863823059,-0.083701361769414,0.07241546796092567,10,0.9988855729769017
BIO,63.73,63.64612905673896,-0.08387094326104005,0.4729492573204875,10,0.9925788599196534
AGNC,16.3,16.215274342075478,-0.08472565792452258,0.042532340636273404,10,0.9973906539486949
MOS,47.94,47.85376417846661,-0.0862358215333856,0.49888776292869763,10,0.989593496809998
PANW,86.12,86.03363567121495,-0.08636432878505218,0.17782294565100557,10,0.9979351724843125
ALAB,39.4,39.308289025548,-0.09171097445199905,0.34088267776465336,10,0.991348155386684
MRCY,73.21,73.11572623072405,-0.09427376927594366,0.5471645090829625,10,0.9925260960376593
TAL,83.93,83.83552739294494,-0.09447260705506721,0.46632713839106577,10,0.9944438563279987
ELF,76.65,76.55487748291849,-0.09512251708152064,0.09615092303249285,10,0.9987455848267124
SNPS,77.15,77.05475661923703,-0.09524338076298022,0.4252246465105238,10,0.994488338995327
BRK-B,75.9,75.80283689522747,-0.09716310477253387,0.06723094525588955,10,0.9991142167950475
HOLX,72.5,72.40264094452878,-0.09735905547121604,0.18672171807264304,10,0.9974245280265842
IT,72.01,71.91035984475063,-0.09964015524937508,0.23203448019636924,10,0.9967777464213808
ACLS,76.27,76.16921665535531,-0.10078334464468242,0.08910667763978007,10,0.9988316942750782
WOLF,8.19,8.083606105286021,-0.1063938947139782,0.1467651184716588,10,0.9820799611145716
JWN,45.0,44.88953392428636,-0.11046607571363865,0.08888756943465208,10,0.99802472067923
PODD,82.3,82.18622116561491,-0.11377883438508718,0.1716537211947358,10,0.9979142925735756
TYL,78.26,78.1407715164162,-0.11922848358381088,0.20023985617254053,10,0.9974413511861419
APTV,46.44,46.32000025176996,-0.11999974823003612,0.21346896729969858,10,0.9954033383441064
EW,87.04,86.91771251856564,-0.12228748143436974,0.13901079094804425,10,0.9984029091113505
TTD,85.97,85.84168105680743,-0.12831894319256776,0.1842389752468253,10,0.9978569387548352
ATGE,73.76,73.62861977291742,-0.13138022708258745,0.4702435539164761,10,0.9936246806681606
ASGN,40.92,40.78842688463406,-0.13157311536593852,0.19319420281157532,10,0.9952787340466379
FFIV,91.0,90.86342902907163,-0.1365709709283749,0.14423591785682044,10,0.9984149899136613
DVA,47.68,47.543265903573754,-0.13673409642624534,0.08251666498350481,10,0.9982693652478292
QLYS,89.54,89.39861959262393,-0.14138040737607582,0.16408534364774816,10,0.9981674632159063
FOXF,38.08,37.93247789180408,-0.14752210819591483,0.176816288842403,10,0.9953567151039285
CAVA,75.41,75.26019814751295,-0.14980185248704458,0.16367345539213246,10,0.9978295523751209
JACK,24.86,24.705822186030144,-0.15417781396985575,0.07102816342831875,10,0.9971428735547739
AMN,28.49,28.334906384474372,-0.15509361552562595,0.09297311439335541,10,0.9967366404214336
MDB,46.07,45.9091965676635,-0.1608034323365004,0.15054567413247066,10,0.9967322406309427
AKAM,56.44,56.271061752198435,-0.16893824780156308,0.16401524319403823,10,0.9970939893126499
LH,52.54,52.35965058802846,-0.18034941197154097,0.18801329740207218,10,0.9964215207955449
TEVA,43.73,43.54896417909711,-0.18103582090288484,0.07110555533852392,10,0.9983739868433907
SNAP,24.69,24.507095129508745,-0.1829048704912566,0.1399285531976947,10,0.9943325818874972
GOOGL,91.97,91.78424528540125,-0.18575471459874393,0.37092991251717683,10,0.9959668379632796
REGN,77.72,77.53398589439777,-0.18601410560222575,0.08163332652783373,10,0.9989496483977376
RDDT,91.15,90.96394277169216,-0.18605722830784543,0.3950202526453537,10,0.995666261627588
INMD,81.57,81.38028277876033,-0.18971722123966117,0.13978555004005327,10,0.9982863117562822
GOOS,61.03,60.83907577406912,-0.19092422593087832,0.14279005567615777,10,0.9976603300724863
AZTA,69.52,69.32805976615936,-0.19194023384063996,0.06648308055437717,10,0.9990436841117034
VYX,35.48,35.28622729450678,-0.1937727054932168,0.21564090521049242,10,0.9939221841823423
BIDU,58.34,58.144004427132934,-0.19599557286706926,0.07863841300535068,10,0.9986520669693975
TRMB,69.81,69.60285558720386,-0.20714441279613993,0.06852736679604718,10,0.9990183732016037
WAT,75.05,74.8413730970471,-0.20862690295290065,0.08207313811473226,10,0.9989064205447737
TDG,75.3,75.0899913610544,-0.2100086389455953,0.1135605565326284,10,0.9984918916795136
FTNT,93.48,93.26834149138985,-0.21165850861015656,0.16019987515600687,10,0.9982862657771073
NFLX,86.61,86.39304663628353,-0.21695336371647045,0.15466415227841182,10,0.9982142460191847
FRO,47.81,47.59273080220718,-0.21726919779282383,0.7063462323818251,10,0.9852259729683784
DOW,29.36,29.142210276874135,-0.21778972312586475,0.23139576487049165,10,0.9921186728586345
MARA,24.07,23.85100615020142,-0.21899384979857928,0.11663618649458649,10,0.995154292210445
BA,21.98,21.753042917869447,-0.22695708213055354,0.31837242342891464,10,0.9855153583517328
FI,62.74,62.50968107180203,-0.23031892819797406,0.20382345301755672,10,0.9967512997606383
GFS,68.4,68.16012198169241,-0.2398780183075928,0.17022338264762757,10,0.9975113540548592
DASH,92.26,92.01667166230884,-0.24332833769116746,0.12111564721372844,10,0.9986872355602241
CPNG,72.34,72.09542758060009,-0.24457241939991547,0.3013718633183947,10,0.9958339526773791
PINS,89.08,88.83531576249649,-0.2446842375035061,0.152918278828924,10,0.998283360138876
PK,35.09,34.84346928651499,-0.24653071348501499,0.10936635680134993,10,0.9968832614191693
MOMO,55.85,55.602334522834866,-0.24766547716513543,0.1924292077622321,10,0.9965545352235947
HUN,26.37,26.11559536324991,-0.25440463675009184,0.31349003173944795,10,0.98811186834511
LYB,28.07,27.810494187401613,-0.25950581259838756,0.13230646242719965,10,0.9952865528169861
ALK,45.62,45.35283689641782,-0.26716310358217754,0.3082872037564984,10,0.9932422796195419
NBIX,80.24,79.97205768325972,-0.2679423167402746,0.1853348321282317,10,0.9976902438667967
CRM,79.94,79.67190544897906,-0.26809455102093693,0.23799999999999985,10,0.9970227670753065
ARCC,20.4,20.12810854382861,-0.27189145617138877,0.27587134682674086,10,0.9864768947633951
BXP,47.25,46.97769629626619,-0.27230370373381163,0.3657376108633065,10,0.9922595214632104
SE,86.71,86.4362750680369,-0.27372493196308767,0.1611334850364754,10,0.9981416966320323
ARW,43.93,43.65409344520837,-0.2759065547916322,0.20265487904316634,10,0.995386868221189
ONON,91.74,91.46378095155862,-0.27621904844137646,0.26616724065895075,10,0.9970986784318842
HCA,52.14,51.863636777834266,-0.2763632221657346,0.6265333191459173,10,0.987983634078521
MODG,28.56,28.28355383872986,-0.2764461612701403,0.3035852433831389,10,0.9893702645874252
THC,55.64,55.363165731126685,-0.27683426887331564,0.5959202966840451,10,0.9892897142939604
FLNC,7.55,7.267699014781839,-0.2823009852181606,0.16341664541900233,10,0.9783554112027811
ATI,69.01,68.72717385971009,-0.28282614028991304,0.2884805019407737,10,0.9958197289966559
BNTX,36.9,36.61371321283196,-0.2862867871680379,0.38694185609726983,10,0.9895137708374724
WOOF,25.45,25.160503744043137,-0.28949625595686257,0.1590754537947319,10,0.9937494910100302
NXT,92.69,92.39784161762192,-0.29215838237807645,0.19336235414371455,10,0.9979138811722547
BKNG,83.4,83.09183780233714,-0.3081621976628668,0.25434032318922734,10,0.9969503558370596
AXTA,48.13,47.82176694427717,-0.30823305572283033,0.28920580907028903,10,0.9939911529384939
RUN,28.22,27.90777003006362,-0.31222996993637864,0.5314132102234571,10,0.9811689153003736
HAL,44.78,44.46413933794426,-0.3158606620557407,0.6294195738932812,10,0.9859441810206949
VRSN,75.35,75.032813086607,-0.31718691339298744,0.13031116606031887,10,0.998270588373453
HLF,35.94,35.620626431909386,-0.31937356809061157,0.13252924205623426,10,0.9963124863089529
CZR,36.09,35.76908332082355,-0.32091667917645594,0.11480853626799777,10,0.9968188269252425
CRUS,86.24,85.91725738071644,-0.3227426192835594,0.19935897271003003,10,0.9976883236003011
QDEL,37.66,37.33310839533806,-0.3268916046619381,0.1473227748856222,10,0.996088083513393
CPRI,32.38,32.04946901154003,-0.3305309884599694,0.14003213916812052,10,0.9956753508595392
HALO,77.84,77.50735156620324,-0.3326484337967628,0.3910102300452,10,0.9949767442183299
MTD,67.1,66.76414831980242,-0.33585168019757816,0.19199999999999898,10,0.9971385991058123
NOK,62.24,61.89879265986384,-0.34120734013616527,0.2252309925387704,10,0.9963812501198783
IDXX,77.05,76.70788069244543,-0.34211930755456876,0.1405311353401787,10,0.9981761046678757
SFM,70.32,69.97766091198011,-0.3423390880198838,0.37329478967700563,10,0.9946914847884385
EPAM,77.91,77.56494283316673,-0.34505716683327137,0.2418036393439956,10,0.9968963722327815
ED,48.27,47.913813235254715,-0.35618676474528854,0.7680162758692036,10,0.9840891593977791
PDD,82.89,82.52873016893864,-0.3612698310613638,0.14595889832415068,10,0.9982391253670629
META,94.44,94.07723110751037,-0.3627688924896262,0.1606517973755671,10,0.998298900917243
ALRM,63.15,62.780453956709685,-0.36954604329031326,0.3513744441475506,10,0.9944358757854703
CAH,50.95,50.574920962962516,-0.37507903703748724,0.4906332642616078,10,0.9903702990331382
PCTY,85.56,85.18382728863308,-0.37617271136691954,0.1977498419721213,10,0.9976887582752206
SMCI,67.57,67.19088277885055,-0.3791172211494427,0.41286922869111903,10,0.9938897553841776
MSTR,24.46,24.076359944617927,-0.3836400553820738,0.3721075113458474,10,0.9847871009261714
BURL,50.47,50.08353564365948,-0.3864643563405181,0.4725261897503671,10,0.9906374838567393
AAL,30.2,29.811470684971273,-0.3885293150287268,0.18400000000000005,10,0.9939072847682119
XPEV,27.94,27.550775635359415,-0.38922436464058663,0.20895214763193964,10,0.9925213977225504
AMG,60.2,59.80938893953489,-0.39061106046511185,0.2817534383108762,10,0.9953197103270619
URBN,68.39,67.99310994525894,-0.3968900547410641,0.43885760788665695,10,0.9935830149453625
BP,42.36,41.95839844184496,-0.4016015581550363,0.3100145157891793,10,0.9926814325828806
RBLX,40.68,40.27066098873265,-0.40933901126734895,0.44306207240069545,10,0.9891086019567183
PAYC,91.52,91.10577787573202,-0.41422212426797955,0.5127855302170669,10,0.9943970112519989
APA,55.97,55.55421433411829,-0.41578566588170673,0.5382945290452047,10,0.9903824454342468
M,30.99,30.570532729609827,-0.4194672703901716,0.20868397159341143,10,0.9932660867507773
BTI,61.46,61.03952585524042,-0.4204741447595808,0.27331300737432856,10,0.995552993697131
HLIT,66.75,66.3247802604309,-0.4252197395691013,0.2815315257657647,10,0.9957822992394642
HGV,42.75,42.32461826845115,-0.4253817315488533,0.17041420128616042,10,0.996013702893891
SKX,64.07,63.642722069216596,-0.42727793078339715,0.312744304504492,10,0.9951187091539802
TEAM,39.11,38.68187436504707,-0.4281256349529272,0.4989599182299125,10,0.987242139651498
EPR,57.67,57.241419572085384,-0.4285804279146177,0.3672819080760715,10,0.9936313177028598
UAL,44.75,44.32065067249732,-0.4293493275026776,0.26506791582536,10,0.9940766946184277
BSX,77.41,76.98051188051221,-0.429488119487786,0.42988835759996913,10,0.9944466043456922
SLB,53.44,53.00972962795077,-0.4302703720492289,0.6479351819433798,10,0.9878754644097422
SKYW,55.37,54.93777302943142,-0.4322269705685784,0.4620432880153103,10,0.9916553496836679
TRGP,48.85,48.4148040062894,-0.43519599371060025,0.4221658441892234,10,0.9913579151650108
GEV,81.43,80.99448697086554,-0.4355130291344693,0.19343215865000332,10,0.9976245590243153
CSIQ,26.73,26.292736695940135,-0.437263304059865,0.16445060048537385,10,0.9938477141606669
FNV,40.72,40.28139567081185,-0.43860432918815206,0.34756438252502203,10,0.9914645289163796
XOM,64.93,64.48704070598274,-0.4429592940172711,0.5320610867184312,10,0.9918056201029042
MP,32.03,31.585312652639896,-0.4446873473601052,0.36458332380952385,10,0.988617442278816
OVV,50.42,49.972462948743676,-0.4475370512563259,0.5066951746365859,10,0.9899505122047484
CALM,42.98,42.53164810379598,-0.4483518962040165,0.39907518088701094,10,0.9907148631715447
IBN,37.0,36.55123001979876,-0.4487699802012415,0.5151698748956505,10,0.9860764898676851
BUD,64.14,63.68699940195585,-0.4530005980441487,0.20806008747474866,10,0.9967561570396828
LSCC,80.68,80.2269895176427,-0.4530104823572998,0.2524460338369385,10,0.9968710208993934
HUBG,44.52,44.06554766829531,-0.4544523317046938,0.24192767514279864,10,0.9945658653382121
VICI,66.76,66.30439279486262,-0.4556072051373832,0.29291807728441727,10,0.9956123715206049
NOV,50.02,49.56387507614936,-0.45612492385064485,0.38008420119757785,10,0.9924013554338749
FICO,77.22,76.75750062843588,-0.462499371564121,0.22273077919317838,10,0.9971156335250818
MELI,81.93,81.46029024804727,-0.4697097519527347,0.23127689032845594,10,0.9971771403597162
VRNT,47.74,47.26941414521018,-0.4705858547898245,0.39401649711655473,10,0.9917466171529837
DIS,60.49,60.01582922826656,-0.4741707717334407,0.2109597117935077,10,0.9965124861664159
ENOV,42.98,42.503858428480385,-0.47614157151961223,0.2540865994105158,10,0.9940882596693691
PKX,39.59,39.11333366600755,-0.47666633399245484,0.17181676286090386,10,0.9956600969219271
TDC,61.23,60.752845608487625,-0.4771543915123715,0.22365151463828697,10,0.9963473539990481
UA,48.14,47.658681630287866,-0.4813183697121346,0.40597536871096035,10,0.9915667767197557
VICR,78.03,77.54681310222266,-0.4831868977773439,0.1603620902832088,10,0.9979448662016762
MNDY,86.68,86.19442931374768,-0.4855706862523306,0.3093363864791859,10,0.9964312830355424
CME,77.13,76.64137603865272,-0.4886239613472725,0.45704376158087934,10,0.9940743710413473
SU,58.8,58.30986753731278,-0.4901324626872139,0.8105158851003483,10,0.98621571623979
SNDR,53.47,52.975552900994956,-0.49444709900504336,0.3282697061868492,10,0.9938606750292341
U,66.97,66.47074410610944,-0.49925589389056313,0.5223112099122511,10,0.9922008181288301
SOLV,49.89,49.382409469891975,-0.5075905301080255,0.18082035283673134,10,0.996375619305738
PPBI,24.09,23.575249325296387,-0.5147506747036132,0.4088226999568396,10,0.9830293607323852
ABG,36.32,35.802489753161105,-0.5175102468388957,0.17024687956024306,10,0.9953125859151916
COO,59.92,59.40188432426528,-0.5181156757347196,0.3057057408685677,10,0.9948981017879077
CMG,70.95,70.42921509355074,-0.5207849064492649,0.5741297762701395,10,0.9919079665078204
NTCT,78.17,77.64759981729124,-0.5224001827087648,0.19990247622278273,10,0.9974427212968814
BAM,85.48,84.95719062885554,-0.5228093711444615,0.253891709199021,10,0.9970298115442323
DAR,43.91,43.386145697811806,-0.523854302188191,1.3361826222489208,10,0.9695699698872939
WB,63.94,63.40780428493838,-0.5321957150616186,0.1911962342725398,10,0.9970097554852589
PENN,28.22,27.681874572770372,-0.5381254272296268,0.21721187812824572,10,0.9923029100592401
AES,28.49,27.948637568934842,-0.5413624310651564,0.3653546222507658,10,0.9871760399350381
IIPR,64.39,63.848226904824855,-0.5417730951751452,0.17927911200137064,10,0.9972157305171397
GOOG,91.97,91.42642207927337,-0.5435779207266336,0.41374025668286113,10,0.9955013563479085
CINF,65.52,64.97545057523905,-0.5445494247609446,0.36826756577249653,10,0.9943793106567079
COP,64.87,64.31519897555971,-0.5548010244402946,0.7415719789743948,10,0.9885683369974658
AN,41.39,40.834466631858355,-0.5555333681416457,0.3113840072964573,10,0.9924768299759251
WBA,22.5,21.939919819817167,-0.5600801801828332,0.22019309707617948,10,0.9902136401299476
PPL,48.24,47.679349202143975,-0.5606507978560273,0.4011246688998325,10,0.991684812004564
ULTA,71.14,70.578153285209,-0.5618467147910025,0.9234175653516652,10,0.98701971372854
VTR,56.42,55.85534835281856,-0.5646516471814422,0.3298423866030576,10,0.9941538038531893
BAP,30.64,30.074759317772767,-0.565240682227234,0.4911506897073445,10,0.9839702777510658
ICLR,47.57,47.00405540899679,-0.565944591003209,0.2036197436399523,10,0.9957195765474048
PTC,69.94,69.37302215718253,-0.5669778428174652,0.311109305550317,10,0.9955517685794921
Z,43.4,42.832460789858324,-0.5675392101416747,0.44190949299602134,10,0.9898177536176032
TCOM,64.52,63.9484341497587,-0.5715658502412992,0.5388367099595198,10,0.9916485320837024
LMT,49.96,49.38607976225994,-0.5739202377400616,0.6035760101263136,10,0.9879188148493532
LI,59.05,58.474985439314146,-0.575014560685851,0.5567090802205411,10,0.9905722425026158
TLN,58.06,57.47616641461257,-0.5838335853874312,0.4362625356365135,10,0.9924860052422233
JD,48.83,48.24508860044916,-0.5849113995508404,0.2139252205795285,10,0.9956189797137103
GSK,64.16,63.57145503317831,-0.5885449668216864,0.6861202518509423,10,0.9893061058003282
TWLO,84.14,83.54947892161783,-0.5905210783821673,0.21550870052041812,10,0.9974386890834274
MHO,61.87,61.278559422120004,-0.5914405778799932,0.2753107335357627,10,0.9955501740175244
AGI,83.75,83.15109269439888,-0.5989073056011165,0.5636000354861612,10,0.9932704473374787
CHRW,53.48,52.87885235611044,-0.6011476438895542,0.5065974733454564,10,0.9905273471700551
CRWD,49.71,49.10676690967684,-0.6032330903231582,0.4475097764295202,10,0.9909975904962881
COHR,60.5,59.89609121693655,-0.6039087830634529,0.473929319624772,10,0.9921664575268633
EQNR,64.05,63.44466189933798,-0.6053381006620171,0.5828970749626385,10,0.9908993430919182
DE,57.54,56.93039085876321,-0.6096091412367883,0.3340972912191895,10,0.9941936515255615
X,46.14,45.53018817992825,-0.609811820071748,0.5448155651227309,10,0.9881921203917917
T,57.4,56.78890950775888,-0.611090492241118,0.3309017981214357,10,0.9942351603114733
KEYS,84.99,84.37874765996166,-0.6112523400383338,0.20833866659839925,10,0.9975486684716037
ANET,48.63,48.01546582630719,-0.6145341736928103,0.4000562460454786,10,0.9917734681051722
DQ,17.74,17.124189358785387,-0.6158106412146118,0.2616562630628203,10,0.9852504924992773
GRAB,83.29,82.67350965169774,-0.6164903483022641,0.3663659372812935,10,0.9956013214397732
SNOW,45.91,45.293410809705044,-0.6165891902949525,0.19734234213670368,10,0.9957015390516946
ESTC,38.88,38.263199375303266,-0.6168006246967366,0.6178964314510975,10,0.984107602071731
MTSI,87.45,86.82781743705645,-0.62218256294355,0.3402778276643962,10,0.9961088870478628
DT,86.09,85.46647645413107,-0.6235235458689345,0.46274831172031267,10,0.9946248308546833
HSIC,46.53,45.90584963378156,-0.6241503662184442,0.6281249875621898,10,0.9865006450126329
MLCO,46.0,45.373565812267465,-0.626434187732535,0.30733694864106453,10,0.9933187619860638
VTRS,39.37,38.74161632838783,-0.6283836716121698,0.27623178672991244,10,0.9929836985844573
MPW,49.62,48.9881157442373,-0.6318842557626994,0.36685828326480413,10,0.9926066448354534
F,29.13,28.49764087991477,-0.6323591200852299,0.457103926913781,10,0.9843081384512948
OXY,55.32,54.68499394390791,-0.635006056092088,0.30494097789572383,10,0.9944876902043434
TME,81.69,81.05321920853858,-0.636780791461419,0.26466771620278845,10,0.9967600965087184
EC,44.06,43.42253183661182,-0.6374681633881849,0.2999349929568082,10,0.9931925784621696
LNC,27.88,27.238427907038712,-0.6415720929612867,0.4147577606266094,10,0.9851234662615994
MTZ,49.48,48.83770152824615,-0.6422984717538469,0.2641382213917552,10,0.994661717433473
KIM,59.59,58.945051850791685,-0.644948149208318,0.32942525707662584,10,0.9944718030361365
PTEN,39.65,39.002533698322985,-0.6474663016770137,0.35370750628167386,10,0.9910792558314836
HP,38.98,38.325719172612445,-0.6542808273875522,0.277310295517495,10,0.9928858313104799
BLDR,38.95,38.29362711395231,-0.6563728860476914,0.5359514903421779,10,0.9862400130849248
TTWO,66.27,65.61042149279879,-0.6595785072012035,0.5885371695993388,10,0.9911191011076002
CHTR,56.2,55.5386010355131,-0.6613989644868994,0.5165617097695101,10,0.9908085105023219
G,65.18,64.51600058625888,-0.6639994137411236,0.8296077386331447,10,0.9872720506499978
SCHW,37.5,36.83379034105647,-0.6662096589435293,0.6595066337801309,10,0.9824131564325298
AU,86.28,85.60825534368537,-0.6717446563146297,0.44280921399627377,10,0.9948677652527089
HST,53.57,52.892905765152925,-0.6770942348470754,0.3390929076226754,10,0.9936700969269614
NVST,56.96,56.27637366000896,-0.6836263399910436,0.30711561340967297,10,0.9946082230791841
PSTG,80.6,79.91138094216032,-0.6886190578396736,0.26200954181097896,10,0.9967492612678539
PCG,38.83,38.1390797093936,-0.6909202906063996,0.3431107692859549,10,0.9911637710716983
PM,69.56,68.86854019003131,-0.6914598099686913,0.29180301574863604,10,0.9958050170248902
DEO,55.66,54.968185520270524,-0.691814479729473,0.3413282877231242,10,0.9938676196959554
CNM,58.22,57.523361750145256,-0.6966382498547432,1.011031156789938,10,0.9826342982344566
DLTR,46.42,45.722558734985,-0.6974412650150015,0.4737129932775747,10,0.9897950669263771
HQY,74.62,73.92022499632658,-0.6997750036734232,0.43895785674709165,10,0.9941174235225531
DVN,55.25,54.55012961427291,-0.6998703857270883,0.33523722943611134,10,0.9939323578382604
WMB,60.53,59.8291130705754,-0.7008869294245983,0.31655015400407,10,0.994770359259804
WM,57.63,56.917664012311896,-0.7123359876881068,0.6670989431860912,10,0.9884244500575032
DXC,41.22,40.50724714493362,-0.7127528550663769,0.5638049308049734,10,0.9863220540804227
NWL,25.49,24.776464314850376,-0.7135356851496226,0.4468657516525515,10,0.9824689779657688
DAN,32.96,32.24610357788803,-0.7138964221119721,0.5381858415083033,10,0.9836715460707433
VFC,32.99,32.274988965874,-0.7150110341260003,0.525166640220036,10,0.9840810354586227
BMY,58.33,57.611595784924944,-0.7184042150750543,0.6810205576926445,10,0.9883246947078237
OKTA,82.51,81.78981972400274,-0.7201802759972651,0.43157965661045483,10,0.9947693654513338
PBR,45.9,45.179557073026125,-0.7204429269738739,0.4679957264762142,10,0.9898040146737208
BWA,50.17,49.44936289787914,-0.7206371021208611,0.3601943919607871,10,0.9928205223846763
VIPS,58.66,57.93884917638051,-0.7211508236194888,0.3102337828154758,10,0.994711323170551
CTVA,75.0,74.27543734618445,-0.7245626538155534,0.3242159773977827,10,0.9956771203013629
EXTR,70.76,70.03388691225011,-0.7261130877498942,0.22091627373283523,10,0.9968779497776592
UNM,63.07,62.34062998781084,-0.7293700121891575,0.5552152735651288,10,0.9911968404381619
LITE,24.77,24.040554785288123,-0.7294452147118768,0.34436753621675753,10,0.9860973945814793
SHAK,62.3,61.56908475858023,-0.7309152414197655,0.7038011082685217,10,0.9887030319700076
UBER,75.52,74.78756719195214,-0.7324328080478608,0.23537417020565302,10,0.9968832869411328
ALGN,80.44,79.70687973905571,-0.7331202609442897,0.2931296641419946,10,0.9963559216292641
A,74.96,74.22422422161407,-0.7357757783859284,0.35928957680400325,10,0.9952069159978121
STLA,36.48,35.74339164435643,-0.7366083556435683,0.3746852012022899,10,0.9897290240898495
MDLZ,48.57,47.83192757536914,-0.7380724246308574,0.34736148318430393,10,0.9928482297059027
BEKE,52.23,51.490182098461545,-0.7398179015384514,0.4147878976055119,10,0.9920584358107312
IFF,39.1,38.35792313572796,-0.7420768642720432,0.5376950808776305,10,0.9862482076501885
VRSK,73.67,72.91920743804529,-0.7507925619547109,0.4390911067193236,10,0.9940397569333607
TM,34.46,33.70838873616231,-0.7516112638376882,0.8373679000296114,10,0.9757002930925823
WELL,72.2,71.44749699453092,-0.7525030054690802,0.3794522367834983,10,0.9947444288534142
CCK,48.25,47.49473568231874,-0.7552643176812595,0.5023106608464534,10,0.9895894163555139
HOG,34.58,33.82453620952215,-0.7554637904778474,0.3110128614703902,10,0.9910059901252056
THO,50.37,49.61386712265055,-0.7561328773494509,0.49840144462070035,10,0.9901051926817411
VNOM,73.69,72.93353732841703,-0.7564626715829661,0.46995850880689427,10,0.9936224927560471
K,56.63,55.869922222770185,-0.7600777772298173,0.38009998684556595,10,0.993288010121039
CTAS,78.16,77.39944061799407,-0.7605593820059227,0.5215131829589748,10,0.9933276204841482
TRIP,48.19,47.42204399906908,-0.7679560009309156,0.3570098037869548,10,0.9925916205896046
LHX,54.23,53.461703141193865,-0.7682968588061314,0.6197265526020328,10,0.9885722560833112
TW,44.16,43.3883520235229,-0.771647976477098,0.4126996486550475,10,0.9906544463619781
MHK,46.8,46.02811450658606,-0.7718854934139401,0.5241908049555989,10,0.9887993417744531
JCI,62.2,61.427690801753926,-0.7723091982460772,0.37358265484361153,10,0.9939938479928679
HES,63.85,63.07712555024547,-0.7728744497545321,0.4064591000334493,10,0.9936341566165474
OGN,44.09,43.31681354485156,-0.7731864551484406,0.35676883271945226,10,0.9919081689108765
FLG,20.07,19.289166978319322,-0.780833021680678,0.4690085287071009,10,0.9766313637913752
BHP,73.26,72.47578044266793,-0.7842195573320794,0.5180164090065098,10,0.9929290689461301
PAGS,53.13,52.342841553213056,-0.7871584467869468,0.41311499609672914,10,0.9922244495370464
TAP,43.42,42.63034821964144,-0.789651780358561,0.5223064234718924,10,0.9879708331766032
QGEN,77.07,76.27903526882473,-0.790964731175265,0.3090048543308005,10,0.9959905948575217
MGA,36.84,36.047478428309155,-0.7925215716908482,0.4506450931720005,10,0.9877675056142237
ODFL,78.4,77.60626325354426,-0.7937367464557497,0.5731980460538962,10,0.992688800432986
CRL,44.79,43.994468725969014,-0.795531274030985,0.34733413307649474,10,0.9922452749927105
GWW,72.85,72.05277039844329,-0.7972296015567082,0.5631127773368307,10,0.9922702432760901
AEO,29.97,29.171600238933966,-0.7983997610660332,0.34578172305661264,10,0.9884624049697494
GRBK,71.32,70.51948205310167,-0.8005179468983243,0.3608545413320975,10,0.994940345746886
CRSP,26.99,26.185726210816277,-0.8042737891837213,0.32760341878557975,10,0.9878620445059066
SPXC,68.04,67.23309092248307,-0.8069090775169343,0.4766969687338069,10,0.9929938717117313
AMGN,62.69,61.88206633930315,-0.8079336606968468,0.743562371291071,10,0.988139059319013
FND,49.39,48.58180832812531,-0.8081916718746882,0.27004444078706774,10,0.9945324065440966
HDB,25.31,24.501259189243704,-0.8087408107562943,0.5565797337309363,10,0.9780094929383273
CNX,53.07,52.25938919156384,-0.8106108084361594,0.5782940428536331,10,0.9891031836658445
MKC,55.98,55.16886938389097,-0.8111306161090255,0.3872479825641443,10,0.9930823868780967
L,58.58,57.768420764133964,-0.8115792358660343,0.4256771076766996,10,0.9927334054681342
TRV,64.19,63.377570197417256,-0.8124298025827414,0.6059009820094367,10,0.9905608197225513
WY,49.68,48.86525902565135,-0.814740974348652,0.41502891465535313,10,0.9916459558241676
OHI,61.09,60.2750918086205,-0.8149081913795015,0.4305995819784324,10,0.992951390047824
DDOG,86.05,85.2341826176485,-0.8158173823514971,0.6704990678591572,10,0.9922080294263899
RMBS,96.24,95.4241741382773,-0.8158258617227006,0.28111385593741006,10,0.9970790330846071
NUS,47.85,47.03395400941372,-0.8160459905862822,0.3042433236736676,10,0.9936417278229118
COLB,24.76,23.941194247510314,-0.8188057524896877,0.5126490027299384,10,0.9792952745262545
MAT,57.71,56.89000386606619,-0.8199961339338131,0.29123186638827936,10,0.9949535285671759
RSG,62.03,61.2064048566386,-0.8235951433614019,0.6098434225274564,10,0.9901685729078276
KDP,53.26,52.43211746420272,-0.8278825357972792,0.3353341616954643,10,0.9937038272306522
MTN,49.25,48.42170649959819,-0.8282935004018128,0.4993605911563315,10,0.9898606986567242
CTSH,78.57,77.73234763582363,-0.837652364176364,0.5535783594036185,10,0.9929543291408475
CVE,43.27,42.43085292072013,-0.8391470792798756,0.5163806735345559,10,0.9880660810368719
TDOC,46.9,46.06047278657531,-0.8395272134246881,0.3928307523603519,10,0.9916240777748326
PAAS,81.3,80.45978520675037,-0.8402147932496291,0.7961632998323895,10,0.9902070934829964
CCEP,54.18,53.33917261994141,-0.8408273800585917,0.393771507349123,10,0.9927321611784953
SHEL,55.66,54.816161593860166,-0.843838406139831,0.2805779749018083,10,0.9949590733937871
MRNA,21.24,20.39416622387391,-0.8458337761260886,0.3405304685340212,10,0.9839674920652532
CVX,57.64,56.79304041581941,-0.8469595841805884,0.4610032537846122,10,0.9920020254374634
EIX,38.26,37.41249662176516,-0.8475033782348405,0.37886145224870615,10,0.9900977142642785
XRX,23.11,22.26189651909368,-0.848103480906321,0.32929621923125674,10,0.9857509208467652
VLO,48.38,47.530424389636806,-0.8495756103631962,0.6096884450274592,10,0.9873979238315945
KLIC,73.93,73.07953130213552,-0.8504686978644855,0.29549280871114186,10,0.9960030730595003
DD,52.13,51.27934907150949,-0.8506509284905093,0.3096207357397115,10,0.9940606035729961
ADBE,80.61,79.75751500735004,-0.8524849926499627,0.9500736813531884,10,0.9882139476323882
BK,33.57,32.716974747229045,-0.853025252770955,0.7002149669922804,10,0.979141645308541
ENSG,57.31,56.45645610838644,-0.8535438916135618,0.45762867043051464,10,0.9920148548171259
DLR,64.08,63.22614586744367,-0.8538541325563287,0.45995217142655104,10,0.9928222195470263
DOX,67.71,66.85129908493207,-0.8587009150679279,0.4127032832435407,10,0.9939048400052645
FIVE,56.85,55.98949566846903,-0.8605043315309686,0.34813790371058373,10,0.9938762022214497
DTE,46.65,45.78849165043543,-0.8615083495645663,0.5552017651268774,10,0.9880985688075696
PCAR,54.49,53.62641587911698,-0.8635841208830186,0.39205101708833784,10,0.9928050831879549
FIZZ,84.48,83.61629074344741,-0.8637092565525961,0.4262581377522332,10,0.9949543307557738
ROKU,84.95,84.08324397628495,-0.8667560237150553,0.4948898867424949,10,0.9941743391790171
EOG,81.47,80.60246599455115,-0.8675340054488458,0.5763688055403393,10,0.9929253859636634
USB,26.35,25.48102029918817,-0.8689797008118312,0.38548800240733866,10,0.9853704742919416
IPGP,73.84,72.96656424806079,-0.873435751939212,0.341590397991512,10,0.9953739111864638
ALB,40.54,39.66044747686646,-0.8795525231335404,0.451778706890885,10,0.9888559766430467
NWG,33.84,32.94995655156704,-0.8900434484329622,0.5481459659616226,10,0.9838018331571624
PYPL,71.81,70.91872427390437,-0.8912757260956283,0.440563275818581,10,0.9938648757022897
COLM,66.18,65.28815329830516,-0.8918467016948455,0.6086181068617661,10,0.9908035946379304
DY,61.33,60.437151602790685,-0.8928483972093133,0.35833643409511023,10,0.9941572405984818
GAP,48.85,47.95635641959638,-0.8936435804036194,0.40498888873646927,10,0.9917095416840027
AL,21.13,20.2342030107975,-0.8957969892024984,0.6359095847681493,10,0.9699048942371913
IEX,68.26,67.36016315326711,-0.8998368467328959,0.5622597264610012,10,0.9917629691406241
FE,47.21,46.3072548365725,-0.9027451634275039,0.47764003182312964,10,0.9898826513064366
UBS,26.92,26.01451441602366,-0.9054855839763434,0.4088581661163197,10,0.9848121037846835
OGE,51.21,50.30178952919071,-0.9082104708092942,0.5163370991900547,10,0.9899172603165387
EXPD,79.27,78.36141032931144,-0.9085896706885563,0.5678917150302494,10,0.9928359818969313
VOD,45.65,44.74019432100302,-0.9098056789969817,0.42237897674955316,10,0.9907474484830328
ORI,69.25,68.33936069579886,-0.9106393042011405,0.717677504175796,10,0.9896364259324795
DHR,66.87,65.95112547074099,-0.9188745292590141,0.4176469801159841,10,0.9937543445473906
LNT,47.22,46.29616577295651,-0.9238342270434856,0.5968383365702968,10,0.9873604757185451
CNP,46.27,45.344644774946154,-0.925355225053849,0.3799486807451778,10,0.9917884443322849
JKHY,71.7,70.77453732425919,-0.9254626757408175,0.5586734287578048,10,0.992208180909933
CNI,57.16,56.233403189701285,-0.9265968102987117,0.7259917354901501,10,0.9872989549424397
CRS,75.8,74.87277985544937,-0.9272201445506312,0.36800679341555714,10,0.9951450291106128
ADSK,83.65,82.71959332585287,-0.930406674147136,0.5006156210107705,10,0.9940153542019036
AR,64.57,63.638762121223,-0.9312378787769902,0.710408333284459,10,0.9889978576229757
ROK,67.45,66.51662399819439,-0.9333760018056125,0.5775499978356873,10,0.9914373610402418
NOC,47.37,46.42918348455621,-0.9408165154437853,0.9806834351614186,10,0.9792973731230438
EQIX,62.19,61.247292610687126,-0.9427073893128721,0.37503199863478204,10,0.9939695771243804
TXNM,48.38,47.43704365366792,-0.9429563463320818,0.556313760390664,10,0.9885011624557531
FITB,17.13,16.186746449700486,-0.943253550299513,0.47600525207186506,10,0.9722121861020511
AIZ,59.73,58.786011994804106,-0.9439880051958909,0.5572468034901583,10,0.9906705708439618
ATKR,51.62,50.675422795154894,-0.9445772048451033,0.41796650583509554,10,0.9919030122852558
NI,54.45,53.50510710695036,-0.9448928930496407,0.562721956209281,10,0.9896653451568543
PVH,38.8,37.852477965218114,-0.9475220347818833,0.47887472265718883,10,0.9876578679727529
SEDG,16.34,15.390466104126709,-0.9495338958732908,0.4319537012227119,10,0.9735646449680103
CBRE,55.1,54.15038068944905,-0.9496193105509505,0.35046255149445094,10,0.9936395181216978
SNA,83.54,82.58892003586543,-0.9510799641345784,0.6740000000000015,10,0.9919320086186257
SEM,33.52,32.56876932138002,-0.9512306786199858,0.42942403286262537,10,0.987189020499325
BKH,41.29,40.336909785764554,-0.9530902142354449,0.5588380803059152,10,0.9864655345045794
UMC,54.7,53.74589263031353,-0.9541073696864757,0.5021195076871636,10,0.9908204843201616
WPM,94.75,93.794461608227,-0.955538391773004,0.4599565196841996,10,0.9951455776286628
BRKR,46.49,45.53256120649255,-0.9574387935074498,0.3811613831436764,10,0.9918012178287013
PRGO,40.18,39.22101960526756,-0.9589803947324427,0.6102294650375395,10,0.9848126066441628
CRI,40.42,39.45734487513559,-0.962655124864412,0.6589605451011462,10,0.983697166128126
EMR,63.54,62.575985369560726,-0.9640146304392729,0.4902948092729503,10,0.992283682573608
RHI,62.21,61.245049296203156,-0.9649507037968448,0.621598745172479,10,0.9900080574638727
HEI,77.43,76.46462216209024,-0.9653778379097702,0.5563461152915521,10,0.9928148506355218
WEC,51.76,50.7927254694387,-0.9672745305612978,0.5987620562460509,10,0.9884319540910732
NSP,56.24,55.27188224854416,-0.9681177514558428,0.6394286512191962,10,0.9886303582642391
TT,74.21,73.24102094670937,-0.9689790532906244,0.5741254218374243,10,0.9922635032766821
CRK,62.0,61.0276750117766,-0.9723249882233986,0.5266545357252707,10,0.9915055720044311
PAYX,87.35,86.37546947873953,-0.974530521260462,0.534715812371394,10,0.9938784680896234
NDAQ,69.75,68.77420375858122,-0.9757962414187773,0.5761805272655435,10,0.9917393472793471
NEE,51.79,50.812335558010275,-0.9776644419897238,0.6411902993651737,10,0.9876194188189772
PB,26.95,25.972197375416258,-0.9778026245837417,0.6056475872980921,10,0.977526991194876
OI,33.52,32.54111503736698,-0.9788849626330247,0.4158136601892728,10,0.9875950578702484
STLD,53.51,52.531102547966796,-0.9788974520332019,0.5433424334616254,10,0.989845964614808
CMS,48.23,47.2475826178223,-0.9824173821776938,0.5879464261308157,10,0.9878095287967901
TMDX,77.7,76.71672313829086,-0.9832768617091432,0.9461950116122981,10,0.9878224580230077
MBLY,36.55,35.563468450846536,-0.9865315491534616,0.3471325395292118,10,0.9905025296982432
MLKN,31.54,30.55333739523261,-0.986662604767389,0.48630134690333715,10,0.9845814411254491
TGNA,51.32,50.33166622525051,-0.988333774749492,0.41543832273876785,10,0.991904943048738
COR,54.53,53.53970498536389,-0.9902950146361107,0.664262749219013,10,0.9878183981437921
O,62.92,61.92596582629927,-0.994034173700733,0.5008442871791595,10,0.9920399827212467
RNG,43.97,42.97384176031819,-0.9961582396818116,0.42727625723880264,10,0.9902825504380531
MTG,76.72,75.72356369011133,-0.996436309888665,0.6835173735904595,10,0.9910907537331797
MATX,50.49,49.49323916473676,-0.9967608352632453,0.547543605569456,10,0.989155404920391
RIO,66.79,65.79158419378841,-0.9984158062115966,0.42238489556327774,10,0.9936759261032598
DOV,67.06,66.0615233253268,-0.9984766746731992,0.5079025497081106,10,0.9924261474842214
HAE,57.67,56.666302101135884,-1.003697898864118,0.32078809204831915,10,0.9944375222464311
KO,68.83,67.82623118083391,-1.0037688191660834,0.4689232346557374,10,0.993187225996575
IGT,42.82,41.813732991908,-1.0062670080920029,0.39054449170356925,10,0.9908793906654935
AIG,65.31,64.29608411918065,-1.0139158808193542,0.6368076632704731,10,0.9902494615943888
GM,34.12,33.10581602559896,-1.0141839744010355,0.3862434465463464,10,0.9886798520941869
PARA,39.95,38.93475031247232,-1.0152496875276853,0.3926181350880278,10,0.9901722619502371
PNW,37.53,36.5134047751304,-1.0165952248696044,0.5377555206597137,10,0.9856713157298238
RY,30.06,29.04308650969316,-1.0169134903068375,0.6480007716044793,10,0.9784430881036434
NVO,65.04,64.02242044322817,-1.0175795567718353,0.6373923438510996,10,0.9901999947132365
CMI,55.31,54.290756183762305,-1.0192438162376973,0.6013451587898588,10,0.9891277317159671
SHOP,88.29,87.27020081142169,-1.0197991885783182,0.33614877658560743,10,0.9961926744072306
CB,58.26,57.23484073183888,-1.0251592681611186,0.5202845375369141,10,0.9910696097230189
MCK,66.2,65.17382929549248,-1.0261707045075212,0.50874846437115,10,0.9923149778795899
GNTX,79.74,78.713250123512,-1.0267498764879974,0.5285688223873974,10,0.9933713465965964
DCI,66.96,65.93321766589617,-1.026782334103828,0.5638980404292955,10,0.9915785836256079
AMD,85.33,84.2965331276589,-1.0334668723410942,0.5887622610188233,10,0.9931001727291829
TSM,85.01,83.97125991013124,-1.0387400898687673,0.37447162776370685,10,0.9955949696769356
KKR,32.3,31.259677454310044,-1.0403225456899534,0.43763112320766157,10,0.9864510488171002
MUR,50.5,49.45967215680178,-1.0403278431982201,0.40199626863939875,10,0.9920396778487248
AAON,62.15,61.10956841381258,-1.0404315861874167,0.6682821260515645,10,0.9892472706990899
STNG,61.77,60.72789071881249,-1.0421092811875141,0.48048413085137454,10,0.9922213998567043
ALL,61.14,60.09765356514805,-1.0423464348519502,0.6368641927444186,10,0.9895835100957733
DUK,47.26,46.21187868124426,-1.04812131875574,0.5427715910030664,10,0.9885152012060291
INTC,47.53,46.479914107531926,-1.0500858924680756,0.451133018077817,10,0.9905084574357708
NDSN,63.79,62.738892244420356,-1.0511077555796433,0.645027906373049,10,0.9898882598154405
OKE,46.89,45.83790633615436,-1.052093663845639,0.49147126060432206,10,0.989518633810955
SO,53.4,52.347160420502235,-1.052839579497764,0.5430699770747783,10,0.9898301502420453
ASX,40.6,39.54519538171321,-1.054804618286795,0.41500481924912624,10,0.9897782064224353
SAP,84.44,83.38368346261699,-1.0563165373830117,0.4710721813055816,10,0.994421220022435
SHOO,66.6,65.5401925842015,-1.0598074157984883,0.3671089756461955,10,0.9944878532185256
AFRM,60.6,59.53877458511611,-1.0612254148838929,0.5208838642154323,10,0.9914045566961149
MS,36.46,35.397882112581286,-1.0621178874187152,0.7466518599722368,10,0.9795213422936853
FOUR,55.79,54.72687674140831,-1.0631232585916877,0.3710579469570751,10,0.9933490240731838
EDU,76.2,75.13610283263661,-1.0638971673633932,0.4679145221084732,10,0.993859389473642
FAST,82.53,81.45764683155755,-1.0723531684424472,0.6078494879491139,10,0.9926348056712818
ADP,79.75,78.6759109376114,-1.0740890623885946,0.5845348578143142,10,0.9926704093064036
KSS,28.89,27.815256052726557,-1.0747439472734435,0.40727877430575726,10,0.985902430795924
R,38.46,37.37937369638223,-1.0806263036177697,0.592253324178092,10,0.9846007976032738
ZTO,53.77,52.689070896147015,-1.0809291038529878,0.608046050887596,10,0.988691723063277
PRU,41.12,40.03615489732145,-1.083845102678545,0.5739346652712309,10,0.9860424449107191
GIS,46.03,44.94571966801134,-1.0842803319886585,0.6189030618764136,10,0.9865543545106146
PTON,55.99,54.90477777339253,-1.0852222266074705,0.6188416598775498,10,0.9889472823740392
CSX,58.14,57.05435339749546,-1.0856466025045393,0.5650884886458052,10,0.9902805557508462
ITW,63.69,62.60275764709263,-1.0872423529073671,0.4535294918745634,10,0.9928791098779312
MO,63.8,62.71230982009842,-1.0876901799015783,0.5061906755364021,10,0.9920659768724702
PLD,58.62,57.53226850659318,-1.087731493406821,0.5712967705142394,10,0.9902542345528107
LEG,31.09,29.9993982791903,-1.0906017208097012,0.40279150934447466,10,0.9870443387151986
CC,28.65,27.55838127586258,-1.091618724137419,0.5052959528830601,10,0.9823631430058268
KBR,41.89,40.79826094955206,-1.0917390504479414,0.7407624450523925,10,0.9823164849593604
KMX,36.96,35.867413990869,-1.0925860091310042,0.5335203838655082,10,0.9855649246789635
GE,77.78,76.68704978116959,-1.0929502188304099,0.504238039025221,10,0.993517124723255
HRB,59.99,58.89684478747793,-1.0931552125220705,0.5397369729785056,10,0.9910028842644023
CSGP,80.61,79.50958373498551,-1.1004162650144877,0.5781383917367867,10,0.992827956931686
SSTK,48.32,47.219480077406985,-1.1005199225930156,0.32671700292454925,10,0.9932384726215946
ES,47.42,46.319096157957496,-1.1009038420425057,0.7051496295113543,10,0.985129699925952
FANG,65.23,64.12876202655836,-1.1012379734416413,0.5113941728256216,10,0.9921601383899185
UAA,47.83,46.72655265636167,-1.1034473436383294,0.45150968981850137,10,0.9905601152034601
GILD,74.86,73.75610617329114,-1.1038938267088554,0.7760386588308602,10,0.9896334670206939
AZN,67.52,66.41235588848794,-1.1076441115120588,0.6341955534375809,10,0.9906072933436377
PEG,49.5,48.39107476778183,-1.1089252322181693,0.5996007004665693,10,0.9878868545360289
JKS,30.1,28.9907254877399,-1.1092745122601002,0.4763412642213561,10,0.9841747088298552
SNY,73.83,72.71561528199203,-1.114384718007969,0.5767052973573251,10,0.9921887403852455
HSBC,31.3,30.183624990824466,-1.1163750091755347,0.6247279407870274,10,0.980040640869424
PSA,65.61,64.49243517792658,-1.117564822073419,0.6283629524407047,10,0.990422756402367
AWK,53.92,52.800974065768216,-1.1190259342317859,0.5972679465700466,10,0.9889230722075288
CL,66.9,65.7794802460429,-1.1205197539571117,0.6251247875424583,10,0.9906558327721605
FDX,18.33,17.2072196446747,-1.1227803553252969,0.6370431696517899,10,0.9652458718138686
KMT,48.73,47.605923975010036,-1.1240760249899608,0.37553162316907446,10,0.9922936256275585
RVTY,64.2,63.07435267402008,-1.1256473259799193,0.4207148678142962,10,0.9934468089125499
BCS,32.82,31.689783958905497,-1.1302160410945028,0.6509500748905406,10,0.9801660550002882
HLT,65.64,64.50949663095926,-1.1305033690407384,0.37731154236254116,10,0.9942518046562684
PII,25.3,24.16162938299521,-1.1383706170047923,0.4725843839993022,10,0.9813207753359959
HRL,57.53,56.38888166444102,-1.1411183355589785,0.6576199510355504,10,0.9885690952366496
MSM,57.8,56.65379032298807,-1.1462096770119246,0.5589534864369303,10,0.9903295244561084
XRAY,34.91,33.759752327766215,-1.1502476722337818,0.39917414745947555,10,0.9885656216711695
MDU,47.23,46.07931015192215,-1.150689848077846,0.7079131302638764,10,0.9850113671339429
HON,62.69,61.539100292972,-1.150899707027996,0.5238138982501316,10,0.9916443787166991
GNRC,58.88,57.72863304375524,-1.1513669562447646,0.4716354524418202,10,0.9919898870169528
ANF,57.94,56.78792269324623,-1.1520773067537675,0.4273511436746142,10,0.9926242467436207
BAH,45.25,44.097333343755395,-1.1526666562446053,0.6317784421773189,10,0.9860380454767443
RGLD,86.19,85.03718079566687,-1.1528192043331273,0.5551936599061631,10,0.9935584910093264
ICE,67.83,66.6743971037172,-1.1556028962828009,0.5621823547568879,10,0.9917118921604469
TRI,69.99,68.83398006108493,-1.1560199389150654,0.6270438581152022,10,0.9910409507341734
KMB,56.51,55.35350365049115,-1.1564963495088492,0.5397638372473653,10,0.9904483483056562
MET,52.3,51.14215955450261,-1.157840445497385,0.5956979100181569,10,0.9886099826000352
LUV,46.13,44.97185911369166,-1.1581408863083453,0.6632503298152219,10,0.9856221476302792
HIMX,51.65,50.490290921949786,-1.1597090780502128,0.7553548834819293,10,0.985375510484377
OLN,29.41,28.24673137846921,-1.16326862153079,0.5305996607612938,10,0.9819585290458588
OTIS,52.54,51.374104186665626,-1.165895813334373,0.513584462381797,10,0.9902248865172859
GOLD,75.9,74.73357704177658,-1.1664229582234213,1.0583836733434628,10,0.9860555510758438
TGT,40.57,39.3951138880227,-1.174886111977301,0.5136107475511007,10,0.9873401343960784
PFE,58.37,57.19406441047781,-1.1759355895221901,0.6172552146397782,10,0.9894251290964574
PFSI,23.87,22.69173866185913,-1.1782613381408709,0.5845759146595085,10,0.9755100161432967
CARR,53.86,52.679666450703046,-1.1803335492969538,0.5158497843364873,10,0.9904223953892223
VIAV,67.6,66.41612869006012,-1.1838713099398745,0.44371612546762224,10,0.9934361519901239
SJM,37.51,36.32426917763268,-1.1857308223673186,0.6108977001102557,10,0.9837137376670153
OMCL,57.16,55.97032971748051,-1.1896702825194865,0.4827307738273976,10,0.9915547450345101
CLX,53.81,52.6193752019153,-1.1906247980847056,0.5679797531602696,10,0.9894447174658936
URI,59.43,58.2369034579243,-1.1930965420757005,0.4642628565801926,10,0.9921880724115734
WST,75.83,74.63614532347647,-1.1938546765235287,0.4922641567288843,10,0.9935083191780445
MNSO,60.75,59.556028097566305,-1.1939719024336952,0.49980096038323096,10,0.9917728236973954
FUTU,45.66,44.46501599800804,-1.1949840019919549,0.8402856657113694,10,0.9815968973782004
AJG,77.12,75.92127747315332,-1.1987225268466801,0.625367092194658,10,0.9918909868750693
AEE,50.8,49.60061651333163,-1.199383486668367,0.648290829797861,10,0.9872383694921681
RRC,64.97,63.76916166099672,-1.2008383390032762,0.5862942947019019,10,0.9909759228151162
ON,66.58,65.37691731602342,-1.2030826839765751,0.798689551703286,10,0.9880040620050573
MRK,68.23,67.02580370770139,-1.2041962922986187,0.573575627097247,10,0.9915934980639418
IRM,52.81,51.60501335384372,-1.2049866461562857,0.5475983929852243,10,0.9896307821816849
UNP,61.01,59.80259676722577,-1.207403232774226,0.6205328355534455,10,0.9898289979420841
FOXA,72.84,71.63061329333146,-1.209386706668539,0.48687164632991226,10,0.9933158752563164
HL,61.51,60.298869026991596,-1.2111309730084017,0.5535060975273889,10,0.9910013640460512
PNFP,32.14,30.926826867317388,-1.2131731326826127,0.6621548157342056,10,0.9793977966479712
AMP,40.17,38.95370539484745,-1.2162946051525552,0.6161363485463266,10,0.9846617787267531
CAG,38.33,37.111901503541276,-1.2180984964587225,0.5101176334925112,10,0.986691426206822
BABA,59.45,58.231105131231914,-1.2188948687680892,0.514470601686822,10,0.9913461631339475
ENPH,63.2,61.978529910877874,-1.2214700891221284,0.9070617399052823,10,0.9856477572799797
SOFI,37.18,35.958102134298116,-1.2218978657018837,0.4392766781881316,10,0.9881851350675597
RDN,67.66,66.43773467297734,-1.2222653270226544,0.7075457582375859,10,0.9895426284623472
SONY,48.13,46.90458387911329,-1.2254161208867131,0.5731631530375962,10,0.988091353562485
OMC,48.58,47.35057773939078,-1.229422260609219,0.4763150218080457,10,0.9901952445078623
ALV,51.66,50.42997930408511,-1.230020695914888,0.5785922571206767,10,0.9887999950228286
WBS,27.1,25.867182552146904,-1.2328174478530975,0.6371381325897864,10,0.976489367801115
SLM,36.19,34.95624042069681,-1.2337595793031895,0.5728429104038908,10,0.9841712376235454
ZBH,60.44,59.203570143394074,-1.2364298566059233,0.5375648798052188,10,0.9911058094009726
FMC,41.71,40.47193380040059,-1.238066199599409,0.483901849552158,10,0.9883984212526454
ITRI,69.54,68.30087402025913,-1.2391259797408765,0.7541147127592752,10,0.9891556699344366
EXEL,101.04,99.80046088147846,-1.2395391185215487,0.3851181636848627,10,0.9961884583958347
PFG,55.61,54.36895448263369,-1.2410455173663095,0.6145250198323908,10,0.9889493792513506
SBUX,42.28,41.038036824823166,-1.241963175176835,0.7071322365724827,10,0.9832750180564692
CMA,27.07,25.827700379474653,-1.2422996205253476,0.8136270644466049,10,0.9699435883100627
ROL,74.94,73.69769408165801,-1.2423059183419838,0.682293192110255,10,0.990895473817584
CGNX,77.38,76.13093778009456,-1.24906221990544,0.46861071263896614,10,0.9939440331786125
SMG,45.23,43.9808058740698,-1.2491941259301953,0.4776201419538337,10,0.9894401914226435
SRE,48.21,46.96033406375843,-1.2496659362415699,0.44829566136646903,10,0.9907011893514526
LYG,32.0,30.749333573602033,-1.2506664263979665,0.624214706651485,10,0.9804932904171411
ATHM,74.24,72.98486854124025,-1.2551314587597489,0.465189208817228,10,0.9937339815622679
XPO,48.66,47.40430669465088,-1.2556933053491193,0.5401110996822783,10,0.9889003062128591
EFX,63.87,62.61388592000794,-1.2561140799920594,0.6094103707683344,10,0.9904585819513334
SNV,31.14,29.883021203642198,-1.256978796357803,0.6108919708098971,10,0.9803824029926173
ARM,89.52,88.25530258077643,-1.264697419223566,0.5748704201818008,10,0.993578301829962
SYF,32.32,31.055119205220137,-1.264880794779863,0.6794475697211676,10,0.9789774885606074
MCD,65.92,64.65425916590185,-1.2657408340981533,0.7681380084333818,10,0.9883474209885713
NU,39.56,38.292271978644415,-1.2677280213555875,0.44057235501107006,10,0.9888631861726221
KMI,54.28,53.01132388647032,-1.2686761135296791,0.44272000180701204,10,0.9918437729954493
BLD,61.83,60.561276165376455,-1.2687238346235432,0.57982842289767,10,0.9906222153825381
MSFT,86.64,85.37106172132374,-1.2689382786762593,0.5373267162537153,10,0.9937981680949479
VSH,41.46,40.190130660756246,-1.2698693392437548,0.4470391481738485,10,0.9892175796388363
RACE,80.33,79.0600873944057,-1.2699126055942997,0.5879795914825634,10,0.9926804482574062
RL,74.97,73.69976458777705,-1.2702354122229451,0.38646603990519174,10,0.9948450574909271
HWM,78.14,76.86927967978447,-1.2707203202155313,0.5986159035642155,10,0.9923391873104145
ENB,47.94,46.66925393096507,-1.270746069034928,0.5789309112493476,10,0.9879238441541647
BMO,27.68,26.407209112619203,-1.272790887380797,0.6462824459940091,10,0.9766516457372106
AON,62.77,61.49634036678613,-1.2736596332138745,0.7963548204161262,10,0.9873131301510892
NGG,53.33,52.05235001823928,-1.2776499817607174,0.5942087175395522,10,0.9888578901642686
FLS,53.08,51.80179889944637,-1.2782011005536305,0.47083011798312163,10,0.9911298018465877
VIRT,39.22,37.94103066377364,-1.2789693362263606,0.5906132406236753,10,0.9849410188520226
MMS,43.96,42.67805956843669,-1.2819404315633136,0.5993863528643275,10,0.9863651876054521
TMUS,61.0,59.715141758350676,-1.2848582416493244,0.5866310595254909,10,0.990383097384828
TS,80.44,79.15441163787915,-1.2855883621208477,0.5398231191788659,10,0.9932891208456133
DKS,49.03,47.74070573325475,-1.2892942667452516,0.789822764928943,10,0.9838910306969418
ALGM,66.49,65.19970369857506,-1.290296301424931,0.8273838287034609,10,0.9875562666761398
ABM,38.21,36.919260016956784,-1.290739983043217,0.5634438747559513,10,0.9852540205507472
DAL,36.32,35.02857523874178,-1.2914247612582201,0.4117232079929426,10,0.9886640085905026
AME,69.65,68.35466142877367,-1.2953385712263383,0.7042755142698066,10,0.9898883630399167
SEE,43.0,41.70256932827554,-1.297430671724463,0.47701572301130707,10,0.9889066110927603
WWD,72.0,70.70225321165417,-1.2977467883458331,0.7275273190746853,10,0.9898954539017405
TROW,82.88,81.58160181664962,-1.298398183350372,0.6022590804628856,10,0.9927333605156505
CBOE,82.78,81.4800244459628,-1.2999755540372036,0.6054494198527247,10,0.9926860422825232
EXPO,85.23,83.92993944534247,-1.3000605546575343,0.6416509954796306,10,0.9924715358972236
MMM,68.72,67.41990690573414,-1.3000930942658613,0.5331613264294411,10,0.9922415406514924
PKG,62.48,61.17953231137715,-1.3004676886228452,0.5953192420878066,10,0.9904718431163924
DGX,54.55,53.24871972359394,-1.3012802764060538,0.48297929562249187,10,0.991146117403804
SYY,43.77,42.466959534367284,-1.3030404656327192,0.5456271620804826,10,0.9875342206515768
WYNN,48.33,47.02531185134784,-1.3046881486521613,0.42475875505985744,10,0.9912112817078449
CMC,56.58,55.27416319384548,-1.3058368061545167,0.5761215149601693,10,0.9898175766178832
XEL,45.79,44.48176397093939,-1.308236029060609,0.6886661019681447,10,0.9849603384588743
PZZA,33.56,32.25072587670906,-1.3092741232909404,0.6527970588169032,10,0.9805483593916299
CCL,53.19,51.879161406170404,-1.310838593829594,0.4000299988750841,10,0.9924792254394608
CCI,51.26,49.94796030419763,-1.312039695802369,0.5306684463956756,10,0.9896475137261865
RCL,64.45,63.13662996868487,-1.3133700313151309,0.45732373653682223,10,0.9929042088977995
BDX,52.21,50.8943445113012,-1.315655488698802,0.5685103341189147,10,0.9891110834300151
SWK,37.8,36.48293519469533,-1.3170648053046676,0.5400083332690332,10,0.985714065257433
OLED,84.38,83.06231681166142,-1.3176831883385773,0.5351158753017863,10,0.9936582617290616
GIL,57.94,56.61715610884234,-1.3228438911576603,0.5406625564989673,10,0.9906685785899384
EXC,44.12,42.795747605129854,-1.3242523948701432,0.6369026613227476,10,0.9855643095801735
ROST,69.62,68.29061820744278,-1.3293817925572284,0.7979724306014607,10,0.9885381724992608
MA,78.09,76.76047003827367,-1.3295299617263368,0.6998742744236284,10,0.9910375941295476
BWXT,66.37,65.03793897332642,-1.3320610266735855,0.7654828541515493,10,0.9884664328137479
LNG,62.18,60.84613688155505,-1.3338631184449525,0.5248704602089924,10,0.9915588539689772
HBAN,31.09,29.75601055802674,-1.3339894419732587,0.5682860195359372,10,0.9817212602272134
STM,63.88,62.54147139606009,-1.3385286039399134,0.5099450950837753,10,0.9920171400268664
MTCH,57.12,55.7754142290695,-1.3445857709305002,0.4419377784258766,10,0.9922629940751773
SYK,72.44,71.09177717053147,-1.3482228294685257,0.47275892376559064,10,0.9934737862539261
WERN,37.44,36.0907786330557,-1.349221366944299,0.6346660539212725,10,0.9830484494144959
ADM,36.98,35.6306833237977,-1.3493166762022994,0.8538828959523665,10,0.9769096025972859
AAPL,73.38,72.02947654648894,-1.3505234535110588,0.5586412086482679,10,0.9923870099666358
CBT,49.84,48.48859341240711,-1.3514065875928907,0.4959072493924646,10,0.9900500150603438
MTH,49.76,48.40715144154562,-1.352848558454376,0.5723076095947007,10,0.9884986412862802
NWSA,64.81,63.45664306355169,-1.3533569364483142,0.4062216143929333,10,0.993732115192209
LDOS,49.88,48.52392102933598,-1.3560789706640222,0.4971156807021887,10,0.9900337674277829
TER,85.52,84.16243474213275,-1.3575652578672504,0.5108434202375522,10,0.9940266204368855
TFC,22.35,20.990415825630418,-1.3595841743695836,0.6314903007964574,10,0.9717454004117916
FLEX,57.48,56.11656659376291,-1.3634334062370854,0.8221976647984346,10,0.98569593485041
NSC,60.29,58.92545338891279,-1.3645466110872064,0.686932311075844,10,0.9886061981908136
LKQ,44.49,43.125246288158706,-1.3647537118412956,0.6285093475836298,10,0.9858730198340384
QFIN,75.92,74.5549269533025,-1.3650730466975034,0.6525067049463943,10,0.9914053384490727
SLGN,42.98,41.613757514502424,-1.3662424854975725,0.5673702494844075,10,0.9867992031297252
AA,57.06,55.69327801724407,-1.3667219827559336,0.44723595562074403,10,0.9921620056848801
PEP,52.19,50.82235993827483,-1.3676400617251687,0.5604685539796136,10,0.9892609972412414
LYFT,61.36,59.99203509584613,-1.3679649041538724,0.43541359648040334,10,0.9929039505136831
RKLB,38.49,37.116273815503696,-1.3737261844963058,0.557746358123476,10,0.9855093177936224
EMN,41.66,40.28484346578508,-1.3751565342149163,0.5669179834861467,10,0.9863917910829058
MCO,74.4,73.02451638879042,-1.3754836112095887,0.676473207156055,10,0.9909076181833864
HIG,74.05,72.67363566791215,-1.3763643320878458,0.6232655934671831,10,0.9915831790213749
HXL,55.7,54.31653889905846,-1.3834611009415454,0.6571217543195486,10,0.9882024819691284
KBH,46.62,45.23549622804739,-1.384503771952609,0.6613924704742243,10,0.9858131173214452
PNC,16.29,14.902505589726253,-1.3874944102737459,0.7631048420761067,10,0.9531550127638977
JNPR,69.42,68.0284356700426,-1.3915643299574043,0.6109410773552553,10,0.9911993506575157
DB,32.6,31.20447275818546,-1.3955272418145412,0.7037471136708131,10,0.9784126652248217
ECL,71.44,70.04434328504377,-1.3956567149562318,0.5120166012933546,10,0.9928329143156025
JNJ,78.51,77.11330086874776,-1.396699131252248,0.585111955099195,10,0.9925472939103401
AVY,48.96,47.561841082437496,-1.3981589175625047,0.6108592309198582,10,0.9875233000220617
WMG,54.08,52.680867962841766,-1.3991320371582319,0.4925332476087273,10,0.9908925065161108
CSL,61.35,59.9465785503728,-1.4034214496272028,0.6990629442332067,10,0.9886053309823438
ZION,28.2,26.794299989048003,-1.4057000109519961,0.7154047805263813,10,0.9746310361515468
LLY,70.73,69.32316429103255,-1.4068357089674492,0.5752773244270982,10,0.9918665725374367
NUE,52.79,51.37945818006778,-1.4105418199322202,0.6724470239357142,10,0.9872618483815928
FIX,78.73,77.31715688437458,-1.4128431156254209,0.7363314471078916,10,0.9906473841342831
WMT,63.29,61.87186748558127,-1.4181325144187298,0.4881024482626569,10,0.992287842498615
ELV,57.85,56.425602690847306,-1.4243973091526954,0.5848452786848848,10,0.9898903149751964
ABBV,65.7,64.27558648459934,-1.4244135154006585,0.9473336265540238,10,0.9855809189261183
JOYY,81.5,80.07480203298118,-1.4251979670188177,0.43740713300082507,10,0.9946330413128733
NKE,69.05,67.62105243717085,-1.4289475628291513,0.5860964084517157,10,0.9915119998776001
CMCSA,50.02,48.589872522925134,-1.430127477074869,0.5409630301601037,10,0.9891850653706497
TXT,48.83,47.39166087239711,-1.4383391276028874,0.6090123151464168,10,0.9875279067141836
UNH,51.92,50.47931499104135,-1.4406850089586527,0.6972553334324517,10,0.9865705829462162
UHS,49.13,47.68618101353527,-1.4438189864647342,0.5574190524192733,10,0.9886542020675906
SQM,53.08,51.63574626601418,-1.4442537339858177,0.39350349426656905,10,0.9925865958126118
SPG,60.41,58.9620298993622,-1.4479701006377965,0.5844732671388833,10,0.9903248921182108
JEF,18.57,17.118679681490217,-1.451320318509783,0.6893504188727244,10,0.9628782757742206
HUM,51.28,49.82841599853897,-1.451584001461029,0.501917323869181,10,0.9902122206733779
AGCO,40.19,38.73839760782316,-1.451602392176838,0.7371268547543215,10,0.9816589486251724
AVB,57.61,56.15625072754997,-1.4537492724500325,0.7916065942120494,10,0.9862592155144584
CCJ,76.65,75.19054046245687,-1.4594595375431396,0.5609893047108845,10,0.9926811571466291
GPN,52.64,51.17951979664617,-1.460480203353832,0.6861494006409975,10,0.9869652469483093
NVS,73.22,71.75921708345413,-1.4607829165458668,0.6333561399402384,10,0.9913499571163584
APH,79.29,77.82918312352479,-1.4608168764752207,0.5621218729065801,10,0.9929105577890456
VZ,52.1,50.63770686810215,-1.4622931318978516,0.6554967581918318,10,0.9874184883264524
DG,40.11,38.6464292717488,-1.4635707282511987,0.5836642870692019,10,0.9854484096966043
UPST,36.29,34.82601163621161,-1.4639883637883884,0.44242061434793095,10,0.9878087458157087
FIS,53.16,51.69490614596689,-1.4650938540331069,0.5511451714385234,10,0.9896323331181617
IP,49.65,48.18436210733913,-1.4656378926608653,0.6644283257056399,10,0.9866177577904202
ETR,50.58,49.114292920455064,-1.4657070795449343,0.7495225146718403,10,0.9851814449451989
DNUT,24.34,22.87350079672669,-1.4664992032733082,0.544188386498646,10,0.977642219124953
ZTS,73.14,71.66786475261401,-1.4721352473859923,0.6875318174455632,10,0.9905997837374136
SLAB,41.37,39.897021471428985,-1.4729785285710122,0.49519289170988623,10,0.9880301452330218
ADI,79.47,77.99673357331176,-1.473266426688241,0.57470340176477,10,0.9927682974485369
SSNC,57.19,55.7135496990884,-1.4764503009116012,0.7929243343472314,10,0.9861352625573137
NRG,54.08,52.603481305888266,-1.476518694111732,0.7046843264895271,10,0.9869695945545576
TOL,56.63,55.15297143440697,-1.4770285655930309,0.635959904396496,10,0.98876991162994
PWR,63.15,61.67234219839407,-1.477657801605929,0.6772739475278826,10,0.9892751552252117
LPX,74.14,72.66227789385636,-1.477722106143645,0.7252558169363417,10,0.9902177526714818
OZK,27.72,26.241733344883993,-1.4782666551160055,0.7260227269170022,10,0.973808703935173
BEPC,47.2,45.719591550557546,-1.4804084494424572,0.4475890972756146,10,0.9905171801424658
BAX,42.1,40.61505071167741,-1.4849492883225892,0.6441498272917575,10,0.9846995290429511
UPS,45.38,43.893936323323956,-1.4860636766760464,0.6250407986683749,10,0.9862265139121116
TJX,64.8,63.312332852327614,-1.4876671476723828,0.5864204975953682,10,0.9909503009630345
MT,46.84,45.352226540217615,-1.4877734597823888,0.5412430138117267,10,0.9884448545300656
JPM,34.83,33.342002295391055,-1.4879977046089436,0.8310048134637958,10,0.9761411193378181
LOGI,79.89,78.40187519476414,-1.4881248052358558,0.574108874691901,10,0.9928137579835786
PLNT,74.87,73.38072512109545,-1.4892748789045527,0.9560277192634126,10,0.987230830516049
IVZ,61.41,59.91752411065598,-1.4924758893440142,0.4685082710048983,10,0.9923708146717978
FSS,70.43,68.93730827480269,-1.492691725197318,0.6118627297033223,10,0.9913124701163805
ROP,67.79,66.29706945656916,-1.4929305434308446,0.60087353078664,10,0.9911362512053896
AVT,42.02,40.520099825865344,-1.499900174134659,0.5419492596175411,10,0.9871025878244278
TECK,59.52,58.02008712616463,-1.4999128738353704,0.5269762803011163,10,0.9911462318497797
MMC,61.31,59.808086004821256,-1.5019139951787466,0.791797954026152,10,0.9870853375627768
AXP,39.22,37.71752939090271,-1.502470609097287,0.7599105210483668,10,0.9806244130278335
RF,15.53,14.026373300265593,-1.503626699734406,0.7941089345927294,10,0.9488661342825029
TNL,50.58,49.07459202446736,-1.5054079755326413,0.5766593448475449,10,0.9885990639611003
DXCM,78.34,76.83100724523412,-1.5089927547658846,0.5277726783379391,10,0.9932630498042132
CI,48.02,46.51047143084576,-1.5095285691542415,0.6371153741670352,10,0.9867322912501658
PRGS,58.46,56.94979637073521,-1.5102036292647938,0.538185841508303,10,0.9907939472886024
MLI,85.49,83.97946390802306,-1.510536091976931,0.6763697213802519,10,0.9920883176818311
LII,59.94,58.427298240434915,-1.5127017595650827,0.6188707457943055,10,0.9896751627328277
HPE,46.77,45.2553415402856,-1.5146584597144042,0.5837816372583166,10,0.9875180321304615
SBLK,48.68,47.161551093051074,-1.518448906948926,0.7654991835397341,10,0.9842748729757655
FCNCA,27.75,26.231531570657154,-1.518468429342846,0.7656898850056721,10,0.9724075717115073
ABT,79.14,77.61805293519295,-1.5219470648070512,0.603685348505327,10,0.9923719314063012
AEP,48.04,46.51556853507898,-1.5244314649210224,0.663645236553387,10,0.9861855695971401
HTHT,49.39,47.85905743800892,-1.5309425619910826,0.5995198078462463,10,0.9878615143177516
FLR,67.25,65.71805783254707,-1.5319421674529252,0.6558361075756642,10,0.9902477902219232
TPR,69.31,67.77703283314312,-1.5329671668568778,0.6631930337390458,10,0.9904314956898133
WAB,65.62,64.0862681362493,-1.5337318637507025,0.6886682800884639,10,0.989505207557323
AFG,63.56,62.01912522087948,-1.5408747791205215,1.049788550137599,10,0.9834835029871366
STZ,46.19,44.64875900508303,-1.5412409949169685,0.6293337747173582,10,0.9863751077134151
CIEN,75.84,74.29585446805304,-1.5441455319469668,0.7755282070950094,10,0.9897741533874603
HII,41.28,39.733667261830625,-1.5463327381693759,0.7258822218514517,10,0.9824156438504977
MSI,69.16,67.60959764445782,-1.5504023555421753,0.6980257874892577,10,0.9899070880929836
JBHT,50.71,49.153606262060165,-1.5563937379398354,0.5974278199079788,10,0.9882187375289296
BAC,30.51,28.949148239423657,-1.5608517605763446,0.8394647103958571,10,0.9724855879909585
AMT,62.38,60.81618006857695,-1.5638199314230548,0.8330570208575165,10,0.9866454469243745
BBWI,43.31,41.74420442588745,-1.565795574112549,0.64223438089221,10,0.9851712218681088
CPB,38.5,36.93364596964403,-1.566354030355967,0.6554609065382914,10,0.9829750413886158
NVT,69.41,67.84263892649913,-1.5673610735008623,0.6891995356933991,10,0.9900706017044605
EME,74.74,73.1714643565111,-1.5685356434889002,0.8021502353050814,10,0.9892674573815216
IR,69.2,67.62574368958784,-1.5742563104121672,0.6265660380199363,10,0.990945577485261
CVS,40.53,38.95440005999846,-1.5755999400015384,0.5524499977373514,10,0.9863693560883949
UI,82.67,81.09433358851982,-1.575666411480185,0.5900542347954137,10,0.9928625349607425
IDCC,88.23,86.65428642888219,-1.5757135711178165,0.6081249871531353,10,0.9931075032624602
INFY,85.61,84.03279257195781,-1.5772074280421862,0.5942297535465546,10,0.9930588745059391
EL,46.57,44.989232853598104,-1.5807671464018966,0.8537001815625901,10,0.9816684521889072
ESI,58.35,56.76517321534768,-1.5848267846523214,0.9473879881020231,10,0.9837637020033929
IBM,65.93,64.33824015577768,-1.5917598442223237,0.5658171082602591,10,0.9914179112959159
AFL,67.2,65.60801161598803,-1.5919883840119695,0.7509034558450233,10,0.9888258414308776
BC,38.63,37.03503983371363,-1.59496016628637,0.581322629870883,10,0.9849515239484627
CLS,71.36,69.75633116130182,-1.6036688386981837,0.6048479147686647,10,0.9915239922257755
LVS,57.79,56.18272842455193,-1.6072715754480669,0.67684562493969,10,0.9882878417556724
UL,60.91,59.30020423484694,-1.6097957651530592,0.516938100743212,10,0.9915130832253618
COST,76.24,74.62742070911642,-1.6125792908835734,0.6652097413598198,10,0.9912747935288586
WING,72.38,70.76663710504316,-1.6133628949568362,0.6193060632675903,10,0.9914436852270297
BEN,59.49,57.87490488961705,-1.6150951103829527,0.5562454494195882,10,0.9906497655165644
V,84.76,83.1390953616088,-1.6209046383912096,0.7240310766811036,10,0.9914578683732763
EXPE,59.43,57.80763839919746,-1.6223616008025417,0.7262644146590131,10,0.9877794983230858
MPC,34.49,32.865675585939385,-1.6243244140606166,0.5923309885528535,10,0.9828260078703145
UFPI,67.89,66.26402179890857,-1.6259782010914279,0.7360360045541257,10,0.989158403232374
HPQ,33.46,31.82561187275482,-1.634388127245181,0.6841410673245696,10,0.9795534648139699
BBY,45.68,44.0427510081866,-1.6372489918134008,0.8017661753903069,10,0.9824482010641351
PHM,69.44,67.79878998267704,-1.6412100173229618,0.6893917609023192,10,0.9900721232588952
DPZ,48.69,47.04733755813522,-1.642662441864779,0.5977323815889511,10,0.9877237136662774
GEN,60.15,58.50629781735947,-1.6437021826405314,0.8007752493677615,10,0.9866870282731877
WSM,77.5,75.85457831424259,-1.6454216857574124,0.7436370082237703,10,0.9904046837648546
SIRI,39.09,37.441925206826085,-1.6480747931739188,0.6344832543101517,10,0.9837686555561486
AMBA,49.57,47.920814008558985,-1.6491859914410156,0.529486543738366,10,0.9893184074291231
WLK,42.25,40.59469383817495,-1.6553061618250524,0.5926179207550173,10,0.9859735403371593
INTU,36.3,34.641936016124966,-1.6580639838750315,0.705555809273794,10,0.980563200846452
C,29.75,28.091657623858517,-1.6583423761414835,0.7449033494353479,10,0.974961231951753
CAR,37.41,35.74889626897725,-1.6611037310227488,0.6325187744249164,10,0.9830922540918225
COF,34.26,32.59399201320717,-1.6660079867928275,0.7496025613616851,10,0.9781201820968568
BF-B,62.03,60.36102856031064,-1.6689714396893578,0.6419065352526017,10,0.9896516760397776
POWI,30.88,29.210793619472085,-1.669206380527914,0.7049971631148592,10,0.9771697809872131
NVDA,100.39,98.71819346549506,-1.6718065345049382,0.6547090957058708,10,0.9934783435032785
PAG,39.92,38.24620810372942,-1.6737918962705791,0.7061472934168914,10,0.982310939543665
RTX,55.43,53.75417227014205,-1.67582772985795,0.6826748860182272,10,0.9876840179321987
LAD,36.24,34.56315671623489,-1.676843283765109,0.7260915920185279,10,0.9799643600436388
NTAP,70.77,69.09139213959988,-1.6786078604001204,0.656893446458403,10,0.9907179108879695
TEL,70.04,68.35742967561208,-1.6825703243879246,0.6409251126301743,10,0.9908491560161311
LIN,69.36,67.67350950047202,-1.6864904995279772,0.6075656343145158,10,0.9912404031961575
CASY,57.8,56.11305114924151,-1.6869488507584904,0.5993663320541124,10,0.9896303402758804
PH,70.48,68.79207807457406,-1.6879219254259397,0.689046442556671,10,0.9902235181249054
MAR,65.73,64.03946653910096,-1.6905334608990472,0.6566802875067896,10,0.990009428152947
ETN,70.91,69.20756622493272,-1.702433775067277,0.7886469425541446,10,0.9888781985255374
KGC,88.02,86.31621163892159,-1.7037883610784093,0.5824989270376365,10,0.9933821980568321
FCX,69.25,67.53459580437178,-1.7154041956282242,0.5429585619547763,10,0.9921594431486674
SPGI,71.19,69.45618132792373,-1.7338186720762678,0.7140476174597892,10,0.989969832596435
GS,31.62,29.882784898095572,-1.7372151019044288,0.8305185127376755,10,0.9737343923865378
SEIC,91.9,90.15445014825005,-1.7455498517499564,0.6902905185499814,10,0.9924886777089229
MFC,61.47,59.724308102009836,-1.745691897990163,0.6573279242509016,10,0.9893065247396957
BYD,56.15,54.39485328959042,-1.7551467104095764,0.6119681364254194,10,0.9891011908027529
TMO,61.05,59.29330486131465,-1.7566951386853447,0.662190304972823,10,0.9891533119578572
WFC,30.66,28.90214979399127,-1.7578502060087295,0.7140588211064972,10,0.9767104102704991
ARCB,38.02,36.256778677965094,-1.7632213220349087,0.7266388373875988,10,0.9808879842875434
AMAT,80.53,78.76525426500328,-1.7647457349967226,0.731112166497045,10,0.9909212446728295
PHG,46.16,44.390324005882036,-1.7696759941179607,0.6029270270936611,10,0.9869383226366192
MPWR,90.16,88.37791162198236,-1.782088378017633,0.7030256040856547,10,0.9922024666805052
CELH,86.88,85.08575756934738,-1.7942424306526163,0.8045924434146742,10,0.9907390372535143
TXN,76.68,74.87782689702114,-1.8021731029788697,0.6644764856637146,10,0.9913344224613496
TTEK,52.61,50.805115809252364,-1.8048841907476358,0.7357037447233777,10,0.9860158953673565
GPC,45.05,43.24114757641996,-1.808852423580035,0.6303142073601061,10,0.9860085636546037
D,47.03,45.21869333564046,-1.8113066643595417,0.7385181108138118,10,0.9842968719792938
MLM,54.55,52.733970724772185,-1.8160292752278124,0.7169351435102062,10,0.9868572842619577
AEM,89.06,87.24097612748106,-1.8190238725189403,0.7419440679727817,10,0.9916691660905819
STX,62.16,60.33776576525523,-1.8222342347447693,0.8647248117175764,10,0.9860887256802192
APD,52.89,51.0634503364563,-1.8265496635437017,0.5477736758917862,10,0.9896431522803595
SWKS,70.06,68.22447905195536,-1.8355209480446462,0.6833915422362202,10,0.9902456245755606
KLAC,86.87,85.03122410871403,-1.8387758912859766,0.6736534717493876,10,0.9922452691176541
CSCO,80.92,79.07906817154303,-1.8409318284569736,0.6632827451396589,10,0.9918032285573448
STT,29.83,27.978190392255783,-1.8518096077442152,0.6710149029641591,10,0.9775053669807523
SHW,60.36,58.506637690236474,-1.8533623097635257,0.8144544186140809,10,0.9865067193735242
ENTG,54.11,52.25587731316587,-1.8541226868341312,0.6380916862019124,10,0.988207509033415
WDC,24.66,22.800432691129238,-1.859567308870762,0.9181808100804549,10,0.9627663905076863
WHR,30.52,28.65382615368606,-1.866173846313938,0.5670767143870397,10,0.9814195047710669
DHI,60.87,58.99971093885055,-1.8702890611494496,0.8059677412899348,10,0.9867591959702656
FHI,83.55,81.6792391986262,-1.870760801373791,0.7951201167119349,10,0.9904833020142199
EWBC,31.93,30.057375579009502,-1.8726244209904976,0.8473541172378877,10,0.9734621322506142
NTES,90.74,88.84922110030031,-1.8907788996996828,0.6669662660135058,10,0.9926496995149492
PG,72.72,70.82350151551172,-1.8964984844882764,0.6433319516392764,10,0.9911533009950595
MSCI,68.73,66.82776615523144,-1.9022338447685598,0.7402675192118048,10,0.9892293391646761
AEIS,75.9,73.99573979485606,-1.9042602051439417,1.0221174100855552,10,0.9865333674560532
EQT,71.3,69.39531257770659,-1.9046874222934065,1.1163355230395582,10,0.9843431202939753
GLW,62.53,60.6236325036337,-1.9063674963663004,0.7055076186689969,10,0.988717293800272
BLK,81.15,79.22847235227586,-1.9215276477241474,0.7305888036371746,10,0.9909970572564735
EXPI,8.69,6.768292641639714,-1.921707358360286,0.8033778687516852,10,0.9075514535383561
MAS,53.86,51.930381553985676,-1.9296184460143238,0.763230633557118,10,0.985829360684049
ORA,50.21,48.27981973263163,-1.930180267368371,1.2036232799343825,10,0.9760282158945552
LOW,45.86,43.92653233986558,-1.9334676601344185,0.7440356174270153,10,0.9837759350757301
AMKR,49.28,47.330457773152204,-1.9495422268477967,0.6942110630060575,10,0.9859129248578317
TKR,51.02,49.06861751786273,-1.9513824821372765,0.620851028830589,10,0.9878312224847003
RS,61.23,59.273322431047106,-1.956677568952891,0.7334875595400362,10,0.9880207813238603
MRVL,71.72,69.75332583227389,-1.9666741677261115,0.5879702373419945,10,0.9918018650677357
VRT,77.51,75.52418915963038,-1.9858108403696235,0.8393813197826148,10,0.98917067062595
TSN,42.62,40.62521763733002,-1.99478236266998,0.7952993147237087,10,0.9813397626765906
PNR,70.03,68.02701684472864,-2.002983155271366,0.6431485054013577,10,0.9908161001656239
CAT,56.64,54.63455261256746,-2.0054473874325396,0.7457807988946886,10,0.9868329661212096
KHC,46.72,44.70548316488453,-2.0145168351154723,0.7022392754610076,10,0.9849691935903038
FDS,70.75,68.72782595883933,-2.0221740411606675,0.964781840625123,10,0.9863635075530018
MTB,28.98,26.957411950330183,-2.0225880496698174,0.9778629760861182,10,0.9662573162151098
YUMC,63.65,61.617497132575146,-2.032502867424853,0.9336171592253437,10,0.9853320163515265
ASML,88.75,86.70232256849721,-2.047677431502791,0.7923944724693638,10,0.99107161157781
PGR,76.42,74.37231109982672,-2.0476889001732843,0.8560893644941515,10,0.9887975743981399
BCE,40.67,38.61867857747129,-2.0513214225287086,0.8615311950243019,10,0.9788165430286624
CEG,65.94,63.88849674554122,-2.0515032544587797,0.8728625321320643,10,0.9867627762794652
TREE,45.2,43.14781725519714,-2.052182744802863,0.8135379524029597,10,0.9820013727344478
YUM,63.05,60.98941553107766,-2.060584468922336,0.7335911667952376,10,0.9883649299477362
ORCL,67.41,65.34512405059695,-2.0648759494030458,0.882020974807289,10,0.9869155766977112
DELL,42.43,40.35797369239926,-2.072026307600737,0.6987875213539525,10,0.9835308149574841
RPM,56.1,54.02310380871884,-2.0768961912811648,0.869905742020365,10,0.9844936587875158
WCC,41.65,39.55997910140905,-2.09002089859095,0.8721032049018052,10,0.9790611475413732
VMC,61.81,59.707490880451815,-2.1025091195481878,0.8634141532312304,10,0.9860311575274029
AVGO,77.72,75.60086397842258,-2.119136021577418,0.8327760803481327,10,0.9892849191926385
GD,58.33,56.19996364889709,-2.130036351102909,1.089699041020043,10,0.9813183774897987
MKSI,49.21,47.05669221357109,-2.153307786428911,0.6242467460868346,10,0.9873146363323139
DKNG,25.02,22.83161371306932,-2.1883862869306796,0.750813558748109,10,0.9699914644784928
IPG,46.82,44.62947499862384,-2.190525001376159,0.8088541277634684,10,0.9827241749730143
EA,81.69,79.49026257078594,-2.1997374292140535,0.8223867703216021,10,0.9899328342475016
GRMN,89.06,86.85719022748324,-2.2028097725167584,0.6705676699632924,10,0.9924706077929116
AYI,68.3,66.07973204158672,-2.220267958413274,0.8657072253366026,10,0.9873249308149838
KEY,17.32,15.095599792466668,-2.224400207533332,0.9041620429989304,10,0.9477966487875906
MU,75.95,73.72039293843542,-2.229607061564579,0.8205827197790624,10,0.9891957508916516
PPG,52.22,49.990306144661155,-2.2296938553388443,0.766775064800623,10,0.9853164483952389
WBD,44.16,41.90051829875039,-2.259481701249605,0.944843373263526,10,0.9786040902793586
LEVI,57.81,55.51216799101131,-2.297832008988692,0.8741172690205821,10,0.9848794798647192
QCOM,83.98,81.67719677800486,-2.3028032219951484,0.7595952869785348,10,0.9909550454039231
DRI,53.78,51.46799923472037,-2.3120007652796346,0.8640769641646519,10,0.983933117066481
BX,33.97,31.635166211327682,-2.3348337886723165,0.8158529279226742,10,0.9759831342972425
SIMO,26.55,24.210216365047508,-2.339783634952493,0.8446158890288534,10,0.9681877254603068
RMD,90.19,87.84336510302826,-2.346634896971736,0.8518479911345669,10,0.9905549618457195
LRCX,88.7,86.35202681201712,-2.3479731879828876,0.779651204064997,10,0.9912102457264375
MCHP,60.44,58.0774386596786,-2.362561340321399,1.0110000000000003,10,0.9832726671078755
IBP,59.17,56.77867594587575,-2.3913240541242544,1.1473604490307319,10,0.9806090848566718
GNW,58.42,56.009004292403475,-2.410995707596527,1.219354337344154,10,0.9791277929246123
NTRS,29.74,27.325472282689912,-2.4145277173100865,1.0332613415782086,10,0.965256847963073
KFY,68.45,66.01723176496075,-2.432768235039248,1.2485531626646893,10,0.9817596323935034
HD,57.89,55.41843063173452,-2.4715693682654774,0.9127343534676444,10,0.9842332984372492
HSY,58.31,55.827561732523826,-2.4824382674761765,0.9471963893512263,10,0.9837558499511023
PLAY,41.08,38.54259327696464,-2.5374067230353603,1.038903749150998,10,0.9747102300596154
CF,74.32,71.77292133389268,-2.5470786661073106,1.0732828145461006,10,0.9855586273607898
OTEX,46.6,43.95971160328317,-2.6402883967168336,0.8448289767757737,10,0.9818706228159705
ACN,79.42,76.73872711158039,-2.6812728884196133,0.9125217805619761,10,0.9885101765227653
CAKE,45.79,43.106740398727396,-2.683259601272603,0.8109032001416691,10,0.982290823320776
BRO,70.01,67.30886012391107,-2.7011398760889307,0.9900126261821115,10,0.9858589826284515
POOL,55.61,52.90657344157099,-2.7034265584290083,0.8851672158411651,10,0.9840825891774652
KR,46.37,43.65290368686055,-2.71709631313945,1.1327047276320508,10,0.9755724665164535
KNX,42.51,39.7779239311356,-2.7320760688644015,0.9443119188064916,10,0.9777861228227125
HAS,64.88,62.07098049438471,-2.8090195056152822,0.9179346381959864,10,0.9858518089057339
JBL,62.61,59.742905877917416,-2.867094122082584,2.021540007024348,10,0.967712186439477
WMS,65.39,62.49818590951874,-2.8918140904812617,0.9001027719099648,10,0.9862348559120666
NXPI,68.18,65.23515145554681,-2.944848544453194,0.9845892544609671,10,0.9855589725071727
PSX,37.88,34.84094267221654,-3.0390573277834605,1.0720732251110476,10,0.9716981725155478
AAP,37.55,34.467837719437895,-3.082162280562102,1.3056450513060578,10,0.9652291597521689
SNX,45.35,42.146798271993674,-3.203201728006327,1.0453329613094575,10,0.9769496590670461
NEM,83.22,80.01636638136813,-3.2036336186318692,1.0848728036041824,10,0.9869637971208342
VST,67.17,63.84614271616423,-3.323857283835771,1.1514291120168874,10,0.9828579855290027
BALL,42.87,39.457474768851846,-3.4125252311481518,1.0472673966089077,10,0.9755710894189664
CTRA,66.81,63.22142666303166,-3.588573336968345,0.9496215035475979,10,0.9857862370371562
COIN,85.97,81.17938384294777,-4.790616157052227,2.0611297872768697,10,0.9760250111983614
