date,SPY,^VIX,^TNX,GLD
2019-08-12,442.9706,20.81,16.39,169.25
2019-08-13,442.9706,20.81,16.8,169.25
2019-08-14,442.9706,20.81,15.81,169.25
2019-08-15,442.9706,20.81,15.29,169.25
2019-08-16,442.9706,20.81,15.39,169.25
2019-08-19,442.9706,20.81,15.98,169.25
2019-08-20,442.9706,20.81,15.61,169.25
2019-08-21,442.9706,20.81,15.77,169.25
2019-08-22,442.9706,20.81,16.1,169.25
2019-08-23,442.9706,20.81,15.28,169.25
2019-08-26,442.9706,20.81,15.45,169.25
2019-08-27,442.9706,20.81,14.9,169.25
2019-08-28,442.9706,20.81,14.66,169.25
2019-08-29,442.9706,20.81,15.16,169.25
2019-08-30,442.9706,20.81,15.06,169.25
2019-09-03,442.9706,20.81,14.66,169.25
2019-09-04,442.9706,20.81,14.59,169.25
2019-09-05,442.9706,20.81,15.65,169.25
2019-09-06,442.9706,20.81,15.5,169.25
2019-09-09,442.9706,20.81,16.22,169.25
2019-09-10,442.9706,20.81,17.02,169.25
2019-09-11,442.9706,20.81,17.33,169.25
2019-09-12,442.9706,20.81,17.91,169.25
2019-09-13,442.9706,20.81,19.03,169.25
2019-09-16,442.9706,20.81,18.41,169.25
2019-09-17,442.9706,20.81,18.12,169.25
2019-09-18,442.9706,20.81,17.86,169.25
2019-09-19,442.9706,20.81,17.74,169.25
2019-09-20,442.9706,20.81,17.55,169.25
2019-09-23,442.9706,20.81,17.08,169.25
2019-09-24,442.9706,20.81,16.35,169.25
2019-09-25,442.9706,20.81,17.32,169.25
2019-09-26,442.9706,20.81,16.85,169.25
2019-09-27,442.9706,20.81,16.75,169.25
2019-09-30,442.9706,20.81,16.75,169.25
2019-10-01,442.9706,20.81,16.44,169.25
2019-10-02,442.9706,20.81,15.96,169.25
2019-10-03,442.9706,20.81,15.36,169.25
2019-10-04,442.9706,20.81,15.15,169.25
2019-10-07,442.9706,20.81,15.53,169.25
2019-10-08,442.9706,20.81,15.37,169.25
2019-10-09,442.9706,20.81,15.89,169.25
2019-10-10,442.9706,20.81,16.58,169.25
2019-10-11,442.9706,20.81,17.52,169.25
2019-10-14,442.9706,20.81,17.33,169.25
2019-10-15,442.9706,20.81,17.71,169.25
2019-10-16,442.9706,20.81,17.48,169.25
2019-10-17,442.9706,20.81,17.57,169.25
2019-10-18,442.9706,20.81,17.47,169.25
2019-10-21,442.9706,20.81,17.92,169.25
2019-10-22,442.9706,20.81,17.68,169.25
2019-10-23,442.9706,20.81,17.59,169.25
2019-10-24,442.9706,20.81,17.66,169.25
2019-10-25,442.9706,20.81,18.01,169.25
2019-10-28,442.9706,20.81,18.53,169.25
2019-10-29,442.9706,20.81,18.35,169.25
2019-10-30,442.9706,20.81,17.98,169.25
2019-10-31,442.9706,20.81,16.91,169.25
2019-11-01,442.9706,20.81,17.28,169.25
2019-11-04,442.9706,20.81,17.86,169.25
2019-11-05,442.9706,20.81,18.66,169.25
2019-11-06,442.9706,20.81,18.14,169.25
2019-11-07,442.9706,20.81,19.26,169.25
2019-11-08,442.9706,20.81,19.33,169.25
2019-11-11,442.9706,20.81,19.43,169.25
2019-11-12,442.9706,20.81,19.09,169.25
2019-11-13,442.9706,20.81,18.7,169.25
2019-11-14,442.9706,20.81,18.15,169.25
2019-11-15,442.9706,20.81,18.34,169.25
2019-11-18,442.9706,20.81,18.08,169.25
2019-11-19,442.9706,20.81,17.86,169.25
2019-11-20,442.9706,20.81,17.38,169.25
2019-11-21,442.9706,20.81,17.72,169.25
2019-11-22,442.9706,20.81,17.74,169.25
2019-11-25,442.9706,20.81,17.64,169.25
2019-11-26,442.9706,20.81,17.4,169.25
2019-11-27,442.9706,20.81,17.67,169.25
2019-11-29,442.9706,20.81,17.76,169.25
2019-12-02,442.9706,20.81,18.36,169.25
2019-12-03,442.9706,20.81,17.09,169.25
2019-12-04,442.9706,20.81,17.81,169.25
2019-12-05,442.9706,20.81,17.97,169.25
2019-12-06,442.9706,20.81,18.42,169.25
2019-12-09,442.9706,20.81,18.29,169.25
2019-12-10,442.9706,20.81,18.33,169.25
2019-12-11,442.9706,20.81,17.9,169.25
2019-12-12,442.9706,20.81,18.97,169.25
2019-12-13,442.9706,20.81,18.19,169.25
2019-12-16,442.9706,20.81,18.92,169.25
2019-12-17,442.9706,20.81,18.89,169.25
2019-12-18,442.9706,20.81,19.24,169.25
2019-12-19,442.9706,20.81,19.08,169.25
2019-12-20,442.9706,20.81,19.17,169.25
2019-12-23,442.9706,20.81,19.35,169.25
2019-12-24,442.9706,20.81,19.1,169.25
2019-12-26,442.9706,20.81,19.05,169.25
2019-12-27,442.9706,20.81,18.74,169.25
2019-12-30,442.9706,20.81,18.95,169.25
2019-12-31,442.9706,20.81,19.19,169.25
2020-01-02,442.9706,20.81,18.82,169.25
2020-01-03,442.9706,20.81,17.88,169.25
2020-01-06,442.9706,20.81,18.11,169.25
2020-01-07,442.9706,20.81,18.27,169.25
2020-01-08,442.9706,20.81,18.74,169.25
2020-01-09,442.9706,20.81,18.58,169.25
2020-01-10,442.9706,20.81,18.25,169.25
2020-01-13,442.9706,20.81,18.48,169.25
2020-01-14,442.9706,20.81,18.18,169.25
2020-01-15,442.9706,20.81,17.88,169.25
2020-01-16,442.9706,20.81,18.09,169.25
2020-01-17,442.9706,20.81,18.36,169.25
2020-01-21,442.9706,20.81,17.69,169.25
2020-01-22,442.9706,20.81,17.69,169.25
2020-01-23,442.9706,20.81,17.4,169.25
2020-01-24,442.9706,20.81,16.81,169.25
2020-01-27,442.9706,20.81,16.05,169.25
2020-01-28,442.9706,20.81,16.41,169.25
2020-01-29,442.9706,20.81,15.94,169.25
2020-01-30,442.9706,20.81,15.58,169.25
2020-01-31,442.9706,20.81,15.2,169.25
2020-02-03,442.9706,20.81,15.2,169.25
2020-02-04,442.9706,20.81,16.03,169.25
2020-02-05,442.9706,20.81,16.49,169.25
2020-02-06,442.9706,20.81,16.44,169.25
2020-02-07,442.9706,20.81,15.78,169.25
2020-02-10,442.9706,20.81,15.47,169.25
2020-02-11,442.9706,20.81,15.9,169.25
2020-02-12,442.9706,20.81,16.3,169.25
2020-02-13,442.9706,20.81,16.17,169.25
2020-02-14,442.9706,20.81,15.88,169.25
2020-02-18,442.9706,20.81,15.56,169.25
2020-02-19,442.9706,20.81,15.7,169.25
2020-02-20,442.9706,20.81,15.25,169.25
2020-02-21,442.9706,20.81,14.71,169.25
2020-02-24,442.9706,20.81,13.77,169.25
2020-02-25,442.9706,20.81,13.3,169.25
2020-02-26,442.9706,20.81,13.1,169.25
2020-02-27,442.9706,20.81,12.99,169.25
2020-02-28,442.9706,20.81,11.27,169.25
2020-03-02,442.9706,20.81,10.88,169.25
2020-03-03,442.9706,20.81,10.1,169.25
2020-03-04,442.9706,20.81,9.92,169.25
2020-03-05,442.9706,20.81,9.26,169.25
2020-03-06,442.9706,20.81,7.06,169.25
2020-03-09,442.9706,20.81,4.99,169.25
2020-03-10,442.9706,20.81,7.48,169.25
2020-03-11,442.9706,20.81,8.2,169.25
2020-03-12,442.9706,20.81,8.49,169.25
2020-03-13,442.9706,20.81,9.51,169.25
2020-03-16,442.9706,20.81,7.28,169.25
2020-03-17,442.9706,20.81,9.97,169.25
2020-03-18,442.9706,20.81,12.66,169.25
2020-03-19,442.9706,20.81,11.19,169.25
2020-03-20,442.9706,20.81,9.38,169.25
2020-03-23,442.9706,20.81,7.64,169.25
2020-03-24,442.9706,20.81,8.16,169.25
2020-03-25,442.9706,20.81,8.58,169.25
2020-03-26,442.9706,20.81,8.11,169.25
2020-03-27,442.9706,20.81,7.49,169.25
2020-03-30,442.9706,20.81,6.7,169.25
2020-03-31,442.9706,20.81,6.98,169.25
2020-04-01,442.9706,20.81,6.35,169.25
2020-04-02,442.9706,20.81,6.27,169.25
2020-04-03,442.9706,20.81,5.87,169.25
2020-04-06,442.9706,20.81,6.76,169.25
2020-04-07,442.9706,20.81,7.36,169.25
2020-04-08,442.9706,20.81,7.64,169.25
2020-04-09,442.9706,20.81,7.29,169.25
2020-04-13,442.9706,20.81,7.49,169.25
2020-04-14,442.9706,20.81,7.52,169.25
2020-04-15,442.9706,20.81,6.38,169.25
2020-04-16,442.9706,20.81,6.09,169.25
2020-04-17,442.9706,20.81,6.54,169.25
2020-04-20,442.9706,20.81,6.26,169.25
2020-04-21,442.9706,20.81,5.71,169.25
2020-04-22,442.9706,20.81,6.19,169.25
2020-04-23,442.9706,20.81,6.13,169.25
2020-04-24,442.9706,20.81,5.96,169.25
2020-04-27,442.9706,20.81,6.56,169.25
2020-04-28,442.9706,20.81,6.1,169.25
2020-04-29,442.9706,20.81,6.27,169.25
2020-04-30,442.9706,20.81,6.22,169.25
2020-05-01,442.9706,20.81,6.42,169.25
2020-05-04,442.9706,20.81,6.37,169.25
2020-05-05,442.9706,20.81,6.57,169.25
2020-05-06,442.9706,20.81,7.11,169.25
2020-05-07,442.9706,20.81,6.31,169.25
2020-05-08,442.9706,20.81,6.82,169.25
2020-05-11,442.9706,20.81,7.26,169.25
2020-05-12,442.9706,20.81,6.78,169.25
2020-05-13,442.9706,20.81,6.49,169.25
2020-05-14,442.9706,20.81,6.19,169.25
2020-05-15,442.9706,20.81,6.4,169.25
2020-05-18,442.9706,20.81,7.44,169.25
2020-05-19,442.9706,20.81,7.11,169.25
2020-05-20,442.9706,20.81,6.8,169.25
2020-05-21,442.9706,20.81,6.77,169.25
2020-05-22,442.9706,20.81,6.57,169.25
2020-05-26,442.9706,20.81,6.98,169.25
2020-05-27,442.9706,20.81,6.8,169.25
2020-05-28,442.9706,20.81,7.05,169.25
2020-05-29,442.9706,20.81,6.48,169.25
2020-06-01,442.9706,20.81,6.62,169.25
2020-06-02,442.9706,20.81,6.8,169.25
2020-06-03,442.9706,20.81,7.61,169.25
2020-06-04,442.9706,20.81,8.2,169.25
2020-06-05,442.9706,20.81,9.04,169.25
2020-06-08,442.9706,20.81,8.84,169.25
2020-06-09,442.9706,20.81,8.29,169.25
2020-06-10,442.9706,20.81,7.48,169.25
2020-06-11,442.9706,20.81,6.53,169.25
2020-06-12,442.9706,20.81,6.99,169.25
2020-06-15,442.9706,20.81,7.02,169.25
2020-06-16,442.9706,20.81,7.56,169.25
2020-06-17,442.9706,20.81,7.33,169.25
2020-06-18,442.9706,20.81,6.94,169.25
2020-06-19,442.9706,20.81,6.97,169.25
2020-06-22,442.9706,20.81,7.04,169.25
2020-06-23,442.9706,20.81,7.09,169.25
2020-06-24,442.9706,20.81,6.84,169.25
2020-06-25,442.9706,20.81,6.74,169.25
2020-06-26,442.9706,20.81,6.36,169.25
2020-06-29,442.9706,20.81,6.36,169.25
2020-06-30,442.9706,20.81,6.53,169.25
2020-07-01,442.9706,20.81,6.82,169.25
2020-07-02,442.9706,20.81,6.69,169.25
2020-07-06,442.9706,20.81,6.84,169.25
2020-07-07,442.9706,20.81,6.5,169.25
2020-07-08,442.9706,20.81,6.53,169.25
2020-07-09,442.9706,20.81,6.05,169.25
2020-07-10,442.9706,20.81,6.33,169.25
2020-07-13,442.9706,20.81,6.4,169.25
2020-07-14,442.9706,20.81,6.15,169.25
2020-07-15,442.9706,20.81,6.3,169.25
2020-07-16,442.9706,20.81,6.12,169.25
2020-07-17,442.9706,20.81,6.28,169.25
2020-07-20,442.9706,20.81,6.2,169.25
2020-07-21,442.9706,20.81,6.07,169.25
2020-07-22,442.9706,20.81,5.95,169.25
2020-07-23,442.9706,20.81,5.82,169.25
2020-07-24,442.9706,20.81,5.89,169.25
2020-07-27,442.9706,20.81,6.09,169.25
2020-07-28,442.9706,20.81,5.81,169.25
2020-07-29,442.9706,20.81,5.79,169.25
2020-07-30,442.9706,20.81,5.41,169.25
2020-07-31,442.9706,20.81,5.36,169.25
2020-08-03,442.9706,20.81,5.63,169.25
2020-08-04,442.9706,20.81,5.15,169.25
2020-08-05,442.9706,20.81,5.43,169.25
2020-08-06,442.9706,20.81,5.36,169.25
2020-08-07,442.9706,20.81,5.62,169.25
2020-08-10,442.9706,20.81,5.74,169.25
2020-08-11,442.9706,20.81,6.58,169.25
2020-08-12,442.9706,20.81,6.7,169.25
2020-08-13,442.9706,20.81,7.16,169.25
2020-08-14,442.9706,20.81,7.09,169.25
2020-08-17,442.9706,20.81,6.83,169.25
2020-08-18,442.9706,20.81,6.69,169.25
2020-08-19,442.9706,20.81,6.75,169.25
2020-08-20,442.9706,20.81,6.44,169.25
2020-08-21,442.9706,20.81,6.4,169.25
2020-08-24,442.9706,20.81,6.46,169.25
2020-08-25,442.9706,20.81,6.82,169.25
2020-08-26,442.9706,20.81,6.87,169.25
2020-08-27,442.9706,20.81,7.46,169.25
2020-08-28,442.9706,20.81,7.29,169.25
2020-08-31,442.9706,20.81,6.93,169.25
2020-09-01,442.9706,20.81,6.72,169.25
2020-09-02,442.9706,20.81,6.51,169.25
2020-09-03,442.9706,20.81,6.22,169.25
2020-09-04,442.9706,20.81,7.21,169.25
2020-09-08,442.9706,20.81,6.84,169.25
2020-09-10,442.9706,20.81,6.85,169.25
2020-09-11,442.9706,20.81,6.69,169.25
2020-09-14,442.9706,20.81,6.71,169.25
2020-09-15,442.9706,20.81,6.79,169.25
2020-09-16,442.9706,20.81,6.87,169.25
2020-09-17,442.9706,20.81,6.84,169.25
2020-09-18,442.9706,20.81,6.94,169.25
2020-09-21,442.9706,20.81,6.71,169.25
2020-09-22,442.9706,20.81,6.64,169.25
2020-09-23,442.9706,20.81,6.76,169.25
2020-09-24,442.9706,20.81,6.66,169.25
2020-09-25,442.9706,20.81,6.59,169.25
2020-09-28,442.9706,20.81,6.63,169.25
2020-09-29,442.9706,20.81,6.45,169.25
2020-09-30,442.9706,20.81,6.77,169.25
2020-10-01,442.9706,20.81,6.77,169.25
2020-10-02,442.9706,20.81,6.96,169.25
2020-10-05,442.9706,20.81,7.62,169.25
2020-10-06,442.9706,20.81,7.42,169.25
2020-10-07,442.9706,20.81,7.85,169.25
2020-10-08,442.9706,20.81,7.65,169.25
2020-10-09,442.9706,20.81,7.75,169.25
2020-10-12,442.9706,20.81,7.77,169.25
2020-10-13,442.9706,20.81,7.27,169.25
2020-10-14,442.9706,20.81,7.22,169.25
2020-10-15,442.9706,20.81,7.31,169.25
2020-10-16,442.9706,20.81,7.44,169.25
2020-10-19,442.9706,20.81,7.61,169.25
2020-10-20,442.9706,20.81,7.97,169.25
2020-10-21,442.9706,20.81,8.16,169.25
2020-10-22,442.9706,20.81,8.48,169.25
2020-10-23,442.9706,20.81,8.41,169.25
2020-10-26,442.9706,20.81,8.01,169.25
2020-10-27,442.9706,20.81,7.78,169.25
2020-10-28,442.9706,20.81,7.81,169.25
2020-10-29,442.9706,20.81,8.35,169.25
2020-10-30,442.9706,20.81,8.6,169.25
2020-11-02,442.9706,20.81,8.49,169.25
2020-11-03,442.9706,20.81,8.82,169.25
2020-11-04,442.9706,20.81,7.68,169.25
2020-11-05,442.9706,20.81,7.76,169.25
2020-11-06,442.9706,20.81,8.2,169.25
2020-11-09,442.9706,20.81,9.58,169.25
2020-11-10,442.9706,20.81,9.72,169.25
2020-11-11,442.9706,20.81,9.58,169.25
2020-11-12,442.9706,20.81,8.85,169.25
2020-11-13,442.9706,20.81,8.93,169.25
2020-11-16,442.9706,20.81,9.06,169.25
2020-11-17,442.9706,20.81,8.72,169.25
2020-11-18,442.9706,20.81,8.82,169.25
2020-11-19,442.9706,20.81,8.54,169.25
2020-11-20,442.9706,20.81,8.29,169.25
2020-11-23,442.9706,20.81,8.57,169.25
2020-11-24,442.9706,20.81,8.82,169.25
2020-11-25,442.9706,20.81,8.78,169.25
2020-11-27,442.9706,20.81,8.42,169.25
2020-11-30,442.9706,20.81,8.44,169.25
2020-12-01,442.9706,20.81,9.34,169.25
2020-12-02,442.9706,20.81,9.48,169.25
2020-12-03,442.9706,20.81,9.2,169.25
2020-12-04,442.9706,20.81,9.69,169.25
2020-12-07,442.9706,20.81,9.28,169.25
2020-12-08,442.9706,20.81,9.13,169.25
2020-12-09,442.9706,20.81,9.41,169.25
2020-12-10,442.9706,20.81,9.08,169.25
2020-12-11,442.9706,20.81,8.93,169.25
2020-12-14,442.9706,20.81,8.92,169.25
2020-12-15,442.9706,20.81,9.23,169.25
2020-12-16,442.9706,20.81,9.2,169.25
2020-12-17,442.9706,20.81,9.3,169.25
2020-12-18,442.9706,20.81,9.48,169.25
2020-12-21,442.9706,20.81,9.41,169.25
2020-12-22,442.9706,20.81,9.18,169.25
2020-12-23,442.9706,20.81,9.55,169.25
2020-12-24,442.9706,20.81,9.26,169.25
2020-12-28,442.9706,20.81,9.33,169.25
2020-12-29,442.9706,20.81,9.35,169.25
2020-12-30,442.9706,20.81,9.26,169.25
2020-12-31,442.9706,20.81,9.17,169.25
2021-01-04,442.9706,20.81,9.17,169.25
2021-01-05,442.9706,20.81,9.55,169.25
2021-01-06,442.9706,20.81,10.47,169.25
2021-01-07,442.9706,20.81,10.71,169.25
2021-01-08,442.9706,20.81,11.05,169.25
2021-01-11,442.9706,20.81,11.32,169.25
2021-01-12,442.9706,20.81,10.82,169.25
2021-01-13,442.9706,20.81,10.88,169.25
2021-01-14,442.9706,20.81,11.29,169.25
2021-01-15,442.9706,20.81,10.97,169.25
2021-01-16,442.9706,20.81,1.087,169.25
2021-01-19,442.9706,20.81,1.092,169.25
2021-01-20,442.9706,20.81,1.09,169.25
2021-01-21,442.9706,20.81,1.107,169.25
2021-01-22,442.9706,20.81,1.091,169.25
2021-01-23,442.9706,20.81,1.086,169.25
2021-01-25,442.9706,20.81,1.04,169.25
2021-01-26,442.9706,20.81,1.04,169.25
2021-01-27,442.9706,20.81,1.014,169.25
2021-01-28,442.9706,20.81,1.055,169.25
2021-01-29,442.9706,20.81,1.094,169.25
2021-01-30,442.9706,20.81,1.071,169.25
2021-02-01,442.9706,20.81,1.077,169.25
2021-02-02,442.9706,20.81,1.105,169.25
2021-02-03,442.9706,20.81,1.131,169.25
2021-02-04,442.9706,20.81,1.139,169.25
2021-02-05,442.9706,20.81,1.17,169.25
2021-02-06,442.9706,20.81,1.169,169.25
2021-02-08,442.9706,20.81,1.16,169.25
2021-02-09,442.9706,20.81,1.157,169.25
2021-02-10,442.9706,20.81,1.133,169.25
2021-02-11,442.9706,20.81,1.158,169.25
2021-02-12,442.9706,20.81,1.2,169.25
2021-02-13,442.9706,20.81,1.21,169.25
2021-02-16,442.9706,20.81,1.301,169.25
2021-02-17,442.9706,20.81,1.301,169.25
2021-02-18,442.9706,20.81,1.287,169.25
2021-02-19,442.9706,20.81,1.345,169.25
2021-02-20,442.9706,20.81,1.34,169.25
2021-02-22,442.9706,20.81,1.37,169.25
2021-02-23,442.9706,20.81,1.362,169.25
2021-02-25,442.9706,20.81,1.518,169.25
2021-02-26,442.9706,20.81,1.46,169.25
2021-02-27,442.9706,20.81,1.407,169.25
2021-03-03,442.9706,20.81,1.47,169.25
2021-03-04,442.9706,20.81,1.55,169.25
2021-03-05,442.9706,20.81,1.554,169.25
2021-03-06,442.9706,20.81,1.577,169.25
2021-03-08,442.9706,20.81,1.594,169.25
2021-03-09,442.9706,20.81,1.545,169.25
2021-03-10,442.9706,20.81,1.52,169.25
2021-03-11,442.9706,20.81,1.527,169.25
2021-03-12,442.9706,20.81,1.635,169.25
2021-03-13,442.9706,20.81,1.625,169.25
2021-03-15,442.9706,20.81,1.607,169.25
2021-03-16,442.9706,20.81,1.623,169.25
2021-03-17,442.9706,20.81,1.641,169.25
2021-03-18,442.9706,20.81,1.729,169.25
2021-03-19,442.9706,20.81,1.732,169.25
2021-03-20,442.9706,20.81,1.73,169.25
2021-03-22,442.9706,20.81,1.682,169.25
2021-03-24,442.9706,20.81,1.614,169.25
2021-03-25,442.9706,20.81,1.614,169.25
2021-03-26,442.9706,20.81,1.66,169.25
2021-03-27,442.9706,20.81,1.674,169.25
2021-03-29,442.9706,20.81,1.721,169.25
2021-03-30,442.9706,20.81,1.726,169.25
2021-04-01,442.9706,20.81,1.679,169.25
2021-04-02,442.9706,20.81,1.714,169.25
2021-04-05,442.9706,20.81,1.72,169.25
2021-04-06,442.9706,20.81,1.656,169.25
2021-04-07,442.9706,20.81,1.653,169.25
2021-04-08,442.9706,20.81,1.632,169.25
2021-04-09,442.9706,20.81,1.666,169.25
2021-04-10,442.9706,20.81,1.662,169.25
2021-04-12,442.9706,20.81,1.675,169.25
2021-04-14,442.9706,20.81,1.638,169.25
2021-04-15,442.9706,20.81,1.53,169.25
2021-04-16,442.9706,20.81,1.573,169.25
2021-04-17,442.9706,20.81,1.59,169.25
2021-04-19,442.9706,20.81,1.599,169.25
2021-04-23,442.9706,20.81,1.567,169.25
2021-04-24,442.9706,20.81,1.56,169.25
2021-04-27,442.9706,20.81,1.622,169.25
2021-04-30,442.9706,20.81,1.631,169.25
2021-05-01,442.9706,20.81,1.626,169.25
2021-05-03,442.9706,20.81,1.606,169.25
2021-05-04,442.9706,20.81,1.592,169.25
2021-05-05,442.9706,20.81,1.584,169.25
2021-05-06,442.9706,20.81,1.561,169.25
2021-05-07,442.9706,20.81,1.577,169.25
2021-05-08,442.9706,20.81,1.579,169.25
2021-05-24,442.9706,20.81,1.608,169.25
2021-05-25,442.9706,20.81,1.564,169.25
2021-05-26,442.9706,20.81,1.574,169.25
2021-05-27,442.9706,20.81,1.61,169.25
2021-05-28,442.9706,20.81,1.581,169.25
2021-06-01,442.9706,20.81,1.615,169.25
2021-06-02,442.9706,20.81,1.591,169.25
2021-06-03,442.9706,20.81,1.625,169.25
2021-06-04,442.9706,20.81,1.559,169.25
2021-06-05,442.9706,20.81,1.557,169.25
2021-06-07,442.9706,20.81,1.569,169.25
2021-06-09,442.9706,20.81,1.489,169.25
2021-06-11,442.9706,20.81,1.462,169.25
2021-06-12,442.9706,20.81,1.454,169.25
2021-06-14,442.9706,20.81,1.501,169.25
2021-06-15,442.9706,20.81,1.499,169.25
2021-06-16,442.9706,20.81,1.569,169.25
2021-06-17,442.9706,20.81,1.511,169.25
2021-06-18,442.9706,20.81,1.45,169.25
2021-06-19,442.9706,20.81,1.443,169.25
2021-06-21,442.9706,20.81,1.484,169.25
2021-06-23,442.9706,20.81,1.487,169.25
2021-06-24,442.9706,20.81,1.487,169.25
2021-06-25,442.9706,20.81,1.536,169.25
2021-06-26,442.9706,20.81,1.524,169.25
2021-06-28,442.9706,20.81,1.478,169.25
2021-06-29,442.9706,20.81,1.48,169.25
2021-06-30,442.9706,20.81,1.444,169.25
2021-07-01,442.9706,20.81,1.48,169.25
2021-07-02,442.9706,20.81,1.431,169.25
2021-07-06,442.9706,20.81,1.37,169.25
2021-07-07,442.9706,20.81,1.321,169.25
2021-07-08,442.9706,20.81,1.288,169.25
2021-07-09,442.9706,20.81,1.356,169.25
2021-07-10,442.9706,20.81,1.361,169.25
2021-07-12,442.9706,20.81,1.363,169.25
2021-07-13,442.9706,20.81,1.415,169.25
2021-07-14,442.9706,20.81,1.356,169.25
2021-07-15,442.9706,20.81,1.297,169.25
2021-07-16,442.9706,20.81,1.3,169.25
2021-07-17,442.9706,20.81,1.3,169.25
2021-07-19,442.9706,20.81,1.181,169.25
2021-07-20,442.9706,20.81,1.209,169.25
2021-07-21,442.9706,20.81,1.28,169.25
2021-07-22,442.9706,20.81,1.267,169.25
2021-07-23,442.9706,20.81,1.286,169.25
2021-07-24,442.9706,20.81,1.281,169.25
2021-07-26,442.9706,20.81,1.276,169.25
2021-07-27,442.9706,20.81,1.234,169.25
2021-07-28,442.9706,20.81,1.261,169.25
2021-07-29,442.9706,20.81,1.269,169.25
2021-07-30,442.9706,20.81,1.239,169.25
2021-07-31,442.9706,20.81,1.226,169.25
2021-08-02,442.9706,20.81,1.172,169.25
2021-08-03,442.9706,20.81,1.174,169.25
2021-08-04,442.9706,20.81,1.184,169.25
2021-08-05,442.9706,20.81,1.217,169.25
2021-08-06,442.9706,20.81,1.288,169.25
2021-08-07,442.9706,20.81,1.305,169.25
2021-08-10,442.9706,20.81,1.342,169.25
2021-08-11,442.9706,20.81,1.339,169.25
2021-08-12,442.9706,20.81,1.367,169.25
2021-08-13,442.9706,20.81,1.297,169.25
2021-08-14,442.9706,20.81,1.283,169.25
2021-08-16,442.9706,20.81,1.257,169.25
2021-08-17,442.9706,20.81,1.258,169.25
2021-08-18,442.9706,20.81,1.273,169.25
2021-08-19,442.9706,20.81,1.242,169.25
2021-08-20,442.9706,20.81,1.26,169.25
2021-08-21,442.9706,20.81,1.255,169.25
2021-08-23,442.9706,20.81,1.255,169.25
2021-08-24,442.9706,20.81,1.29,169.25
2021-08-25,442.9706,20.81,1.344,169.25
2021-08-26,442.9706,20.81,1.342,169.25
2021-08-27,442.9706,20.81,1.312,169.25
2021-08-28,442.9706,20.81,1.31,169.25
2021-08-30,442.9706,20.81,1.284,169.25
2021-08-31,442.9706,20.81,1.304,169.25
2021-09-01,442.9706,20.81,1.302,169.25
2021-09-02,442.9706,20.81,1.294,169.25
2021-09-03,442.8631,20.81,1.322,171.06
2021-09-04,442.8631,20.81,1.326,171.06
2021-09-07,441.2796,20.81,1.326,167.71
2021-09-08,440.742,20.81,1.334,167.29
2021-09-09,438.8555,20.81,1.299,168.03
2021-09-10,435.3954,20.81,1.341,167.18
2021-09-11,435.3954,20.81,1.343,167.18
2021-09-13,436.5096,20.81,1.324,167.74
2021-09-14,434.154,20.81,1.324,168.82
2021-09-15,437.7803,20.81,1.304,167.83
2021-09-16,437.0863,20.81,1.333,164.03
2021-09-17,432.8288,20.81,1.37,163.77
2021-09-18,432.8288,20.81,1.363,163.77
2021-09-20,425.6117,25.71,1.309,164.94
2021-09-21,425.2097,24.36,1.324,166.04
2021-09-22,429.3575,20.87,1.324,165.42
2021-09-23,434.5742,18.63,1.41,163.51
2021-09-24,435.29,17.75,1.41,163.3
2021-09-25,435.29,17.75,1.453,163.3
2021-09-27,434.0447,18.76,1.484,163.64
2021-09-28,425.2979,23.25,1.484,162.05
2021-09-29,426.0137,22.56,1.539,161.32
2021-09-30,420.8068,23.14,1.529,164.22
2021-10-01,425.8078,21.15,1.467,164.59
2021-10-02,425.8078,21.15,1.465,164.59
2021-10-04,420.3166,22.96,1.481,165.36
2021-10-05,424.6899,21.3,1.531,164.59
2021-10-06,426.455,21.0,1.524,165.03
2021-10-07,430.142,19.54,1.571,164.16
2021-10-08,429.3575,18.77,1.605,164.23
2021-10-09,429.3575,18.77,1.612,164.23
2021-10-11,426.2491,20.0,1.612,163.92
2021-10-12,425.1998,19.85,1.58,164.66
2021-10-13,426.7296,18.64,1.549,167.59
2021-10-14,433.9074,16.86,1.519,168.0
2021-10-15,437.212,16.3,1.576,165.33
2021-10-16,437.212,16.3,1.574,165.33
2021-10-18,438.5063,16.31,1.584,164.92
2021-10-19,441.8893,15.7,1.584,165.45
2021-10-20,443.625,15.49,1.637,166.9
2021-10-21,444.7821,15.01,1.675,166.75
2021-10-22,444.3212,15.43,1.655,167.77
2021-10-23,444.3212,15.43,1.638,167.77
2021-10-25,446.704,15.24,1.638,168.93
2021-10-26,447.106,15.98,1.638,167.68
2021-10-27,445.1253,16.98,1.529,168.12
2021-10-28,449.4202,16.53,1.529,168.08
2021-10-29,450.3322,16.26,1.557,166.65
2021-10-30,450.3322,16.26,1.561,166.65
2021-11-01,451.1068,16.41,1.575,167.52
2021-11-02,452.9307,16.03,1.547,167.16
2021-11-03,455.6959,15.1,1.577,165.77
2021-11-04,457.8434,15.44,1.577,167.65
2021-11-05,459.432,16.48,1.453,169.84
2021-11-06,459.432,16.48,1.455,169.84
2021-11-08,459.8242,17.22,1.497,170.45
2021-11-09,458.3043,17.78,1.432,171.29
2021-11-10,454.6173,18.73,1.432,173.15
2021-11-11,454.7644,17.66,1.57,174.12
2021-11-12,458.1964,16.29,1.57,174.45
2021-11-13,458.1964,16.29,1.57,174.45
2021-11-15,458.3533,16.49,1.623,174.18
2021-11-16,460.1674,16.37,1.634,172.92
2021-11-17,459.0495,17.11,1.604,174.5
2021-11-18,460.6087,17.59,1.587,173.94
2021-11-19,459.785,17.91,1.536,172.61
2021-11-20,459.785,17.91,1.548,172.61
2021-11-22,458.4906,19.17,1.625,168.74
2021-11-23,459.0986,19.38,1.667,167.28
2021-11-24,460.3243,18.58,1.646,167.12
2021-11-25,460.3243,18.58,1.643,167.12
2021-11-26,450.0576,28.62,1.482,166.85
2021-11-29,455.5783,22.96,1.529,166.62
2021-11-30,446.7138,27.19,1.443,165.5
2021-12-01,441.7521,31.12,1.443,166.16
2021-12-02,448.5181,27.95,1.443,165.24
2021-12-03,444.6154,30.75,1.443,166.63
2021-12-04,444.6154,30.75,1.356,166.63
2021-12-06,449.8811,27.18,1.356,166.22
2021-12-07,459.1868,21.89,1.48,166.81
2021-12-08,460.4027,19.9,1.48,166.9
2021-12-09,457.2943,21.58,1.487,165.88
2021-12-10,461.599,18.69,1.487,166.58
2021-12-11,461.599,18.69,1.482,166.58
2021-12-13,457.51,20.31,1.424,167.0
2021-12-14,454.3623,21.89,1.439,165.44
2021-12-15,461.4618,19.29,1.439,166.15
2021-12-16,457.3923,20.57,1.422,168.16
2021-12-17,452.5277,21.57,1.402,167.8
2021-12-18,452.5277,21.57,1.407,167.8
2021-12-20,447.7158,22.87,1.407,167.09
2021-12-21,455.6668,21.01,1.407,167.02
2021-12-22,460.2229,18.63,1.407,168.59
2021-12-23,463.0864,17.96,1.407,168.97
2021-12-24,463.0864,17.96,1.407,168.97
2021-12-27,469.6401,17.68,1.407,169.37
2021-12-28,469.2563,17.54,1.407,168.64
2021-12-29,469.8565,16.95,1.407,168.59
2021-12-30,468.5576,17.33,1.407,169.8
2021-12-31,467.3768,17.22,1.407,170.96
2022-01-03,470.0829,16.6,1.407,168.33
2022-01-04,469.9254,16.91,1.407,169.57
2022-01-05,460.9018,19.73,1.407,169.06
2022-01-06,460.4689,19.61,1.407,166.99
2022-01-07,458.6484,18.76,1.407,167.75
2022-01-10,458.0777,19.4,1.407,168.26
2022-01-11,462.25,18.41,1.407,170.29
2022-01-12,463.4997,17.62,1.407,170.74
2022-01-13,457.1133,20.31,1.407,170.16
2022-01-14,457.3003,19.19,1.407,169.67
2022-01-18,449.2017,22.79,1.407,169.39
2022-01-19,444.5374,23.85,1.407,172.08
2022-01-20,439.6172,25.59,1.407,171.65
2022-01-21,430.9872,28.85,1.407,171.09
2022-01-24,432.8175,29.9,1.407,172.03
2022-01-25,427.5332,31.16,1.407,172.58
2022-01-26,426.4606,31.96,1.407,169.79
2022-01-27,424.3548,30.49,1.407,167.6
2022-01-28,434.8938,27.66,1.407,167.1
2022-01-31,442.7267,24.83,1.407,168.09
2022-02-01,445.7182,21.96,1.407,168.23
2022-02-02,450.0479,22.09,1.407,168.84
2022-02-03,439.4696,24.35,1.407,168.6
2022-02-04,441.536,23.22,1.407,168.86
2022-02-07,440.119,22.86,1.407,170.11
2022-02-08,443.7403,21.44,1.407,170.63
2022-02-09,450.2349,19.96,1.407,171.21
2022-02-10,442.1461,23.91,1.407,170.56
2022-02-11,433.4276,27.36,19.55,173.81
2022-02-14,432.0106,28.33,19.55,174.74
2022-02-15,438.9776,25.7,19.55,173.08
2022-02-16,439.4696,24.29,19.55,174.86
2022-02-17,430.0819,28.11,19.55,177.25
2022-02-18,427.2971,27.75,19.55,177.12
2022-02-22,422.7115,28.81,19.55,177.49
2022-02-23,415.2131,31.02,19.55,178.29
2022-02-24,421.4618,30.32,19.55,177.14
2022-02-25,430.7609,27.59,19.55,176.55
2022-02-28,429.6588,30.15,19.55,178.38
2022-03-01,423.1149,33.32,19.55,181.62
2022-03-02,430.8986,30.74,19.55,179.73
2022-03-03,428.7534,30.48,19.55,180.8
2022-03-04,425.27,31.98,19.55,183.68
2022-03-07,412.7334,36.45,19.55,186.41
2022-03-08,409.6041,35.13,19.55,191.51
2022-03-09,420.586,32.45,19.55,185.82
2022-03-10,418.6868,30.23,19.55,186.4
2022-03-11,413.3632,30.75,19.55,185.09
2022-03-14,410.3422,31.77,19.55,182.3
2022-03-15,419.3658,29.83,19.55,178.89
2022-03-16,428.6649,26.67,19.55,180.01
2022-03-17,434.0279,25.67,19.55,180.89
2022-03-18,438.7817,23.87,19.55,179.3
2022-03-21,438.6534,23.53,19.55,180.67
2022-03-22,443.7863,22.94,19.55,179.36
2022-03-23,438.071,23.57,19.55,181.81
2022-03-24,444.6746,21.67,19.55,183.13
2022-03-25,446.8462,20.81,19.55,182.38
2022-03-28,450.0247,19.63,19.55,179.06
2022-03-29,455.5919,18.9,19.55,179.14
2022-03-30,452.7787,19.33,19.55,180.58
2022-03-31,445.8098,20.56,19.55,180.65
2022-04-01,447.0733,19.63,19.55,179.5
2022-04-04,450.9032,18.57,19.55,180.37
2022-04-05,445.2077,21.03,19.55,179.24
2022-04-06,440.7559,22.1,19.55,179.66
2022-04-07,442.9768,21.55,19.55,180.34
2022-04-08,441.7923,21.16,19.55,181.47
2022-04-11,434.2411,24.37,19.55,182.37
2022-04-12,432.6321,24.26,19.55,183.77
2022-04-13,437.5873,21.82,19.55,184.65
2022-04-14,432.1386,22.7,19.55,184.04
2022-04-15,432.1386,22.7,19.55,184.04
2022-04-18,432.3163,22.17,19.55,184.61
2022-04-19,439.295,21.37,19.55,181.82
2022-04-20,438.9693,20.32,19.55,182.71
2022-04-21,432.4051,22.68,19.55,182.06
2022-04-22,420.5403,28.21,19.55,180.29
2022-04-25,422.9784,27.02,19.55,177.05
2022-04-26,410.7286,33.52,19.55,177.32
2022-04-27,411.8835,31.6,19.55,175.98
2022-04-28,422.2874,29.89,19.55,176.93
2022-04-29,406.6815,33.4,19.55,176.91
2022-05-02,409.1295,32.34,19.55,173.63
2022-05-03,411.005,29.25,19.55,174.09
2022-05-04,423.5213,25.42,19.55,175.8
2022-05-05,408.4681,31.2,19.55,175.13
2022-05-06,406.03,30.19,19.55,175.42
2022-05-09,393.03,34.75,19.55,172.88
2022-05-10,393.9382,32.99,19.55,171.42
2022-05-11,387.68,32.56,19.55,172.82
2022-05-12,387.2753,31.77,19.55,170.17
2022-05-13,396.5342,28.87,19.55,168.79
2022-05-16,394.9253,27.47,19.55,170.4
2022-05-17,403.049,26.1,19.55,169.33
2022-05-18,386.8015,30.96,19.55,169.42
2022-05-19,384.4325,29.35,19.55,171.91
2022-05-20,384.6003,29.43,19.55,172.03
2022-05-23,391.7962,28.48,19.55,172.83
2022-05-24,388.8053,29.45,19.55,174.13
2022-05-25,392.2404,28.37,19.55,173.08
2022-05-26,400.0779,27.5,19.55,172.76
2022-05-27,409.8994,25.72,19.55,172.85
2022-05-30,409.8994,26.54,19.55,172.85
2022-05-31,407.5995,26.19,19.55,171.14
2022-06-01,404.3026,26.08,19.55,172.23
2022-06-02,412.0019,24.72,19.55,174.35
2022-06-03,405.2404,24.79,19.55,172.58
2022-06-06,406.4742,25.07,19.55,171.82
2022-06-07,410.3732,24.02,19.55,172.94
2022-06-08,405.9116,23.96,19.55,172.78
2022-06-09,396.2578,26.09,19.55,172.23
2022-06-10,384.7681,27.75,19.55,174.54
2022-06-13,370.1591,34.02,19.55,169.93
2022-06-14,369.0437,32.69,19.55,168.57
2022-06-15,374.3049,29.62,19.55,170.77
2022-06-16,361.9169,32.95,19.55,172.69
2022-06-17,362.697,31.13,32.39,171.27
2022-06-20,362.697,31.03,32.39,171.27
2022-06-21,371.8274,30.19,32.39,170.63
2022-06-22,371.1533,28.95,32.39,171.31
2022-06-23,374.7915,29.05,32.39,170.26
2022-06-24,386.7076,27.23,32.39,170.09
2022-06-27,385.2305,26.95,32.39,169.9
2022-06-28,377.3591,28.36,32.39,169.62
2022-06-29,377.0518,28.16,32.39,169.49
2022-06-30,373.9885,28.71,32.39,168.46
2022-07-01,377.944,26.7,32.39,168.32
2022-07-04,377.944,27.53,32.39,168.32
2022-07-05,378.6578,27.54,32.39,164.75
2022-07-06,379.9367,26.73,32.39,162.14
2022-07-07,385.627,26.08,32.39,162.23
2022-07-08,385.3098,24.64,32.39,162.3
2022-07-11,380.9082,26.17,32.39,161.43
2022-07-12,377.5376,27.29,32.39,160.83
2022-07-13,375.5549,26.82,32.39,161.6
2022-07-14,374.6428,26.4,32.39,159.33
2022-07-15,381.8004,24.23,29.3,159.01
2022-07-18,378.6479,25.3,29.3,159.16
2022-07-19,388.8787,24.5,29.3,159.54
2022-07-20,391.3571,23.88,29.3,158.04
2022-07-21,395.3423,23.11,29.3,160.27
2022-07-22,391.6743,23.03,29.3,160.67
2022-07-25,392.1501,23.36,29.3,160.23
2022-07-26,387.5106,24.69,29.3,160.04
2022-07-27,397.5729,23.24,29.3,161.67
2022-07-28,402.5594,22.33,29.3,163.64
2022-07-29,408.4282,21.33,29.3,164.1
2022-08-01,407.2187,22.84,29.3,165.03
2022-08-02,404.5322,23.93,29.3,164.05
2022-08-03,410.8669,21.95,29.3,164.45
2022-08-04,410.5893,21.44,29.3,167.17
2022-08-05,409.8954,21.15,29.3,165.29
2022-08-08,409.4195,21.29,29.3,166.69
2022-08-09,407.7937,21.77,29.3,167.2
2022-08-10,416.359,19.74,29.3,166.78
2022-08-11,416.359,20.2,29.3,166.34
2022-08-12,423.4076,19.53,29.3,167.87
2022-08-15,425.1523,19.95,29.3,165.71
2022-08-16,425.9851,19.69,29.3,165.42
2022-08-17,422.9614,19.9,29.3,164.35
2022-08-18,424.1907,19.56,29.3,163.92
2022-08-19,418.4904,20.6,29.3,162.72
2022-08-22,409.7764,23.8,29.3,161.64
2022-08-23,408.7851,24.11,29.3,162.77
2022-08-24,410.0937,22.82,29.3,163.25
2022-08-25,415.8832,21.78,29.3,163.75
2022-08-26,401.8059,25.56,29.3,161.76
2022-08-29,399.1491,26.21,29.3,161.86
2022-08-30,394.7673,26.21,29.3,160.51
2022-08-31,391.7635,25.87,29.3,159.27
2022-09-01,392.9928,25.56,29.3,157.87
2022-09-02,388.8489,25.47,29.3,159.26
2022-09-05,388.8489,25.99,29.3,159.26
2022-09-06,387.3817,26.91,29.3,158.33
2022-09-07,394.341,24.64,29.3,159.94
2022-09-08,396.9186,23.61,29.3,158.98
2022-09-09,403.0848,22.79,29.3,159.82
2022-09-12,407.417,23.87,29.3,160.63
2022-09-13,389.7015,27.27,34.22,158.54
2022-09-14,391.1885,26.16,34.12,157.93
2022-09-15,386.7473,26.27,15.42,154.98
2022-09-16,383.7972,26.3,34.15,155.84
2022-09-19,386.7735,25.76,34.9,155.96
2022-09-20,382.3339,27.16,35.71,155.07
2022-09-21,375.6646,27.99,35.1,155.79
2022-09-22,372.5091,27.35,37.08,155.7
2022-09-23,366.2677,29.92,36.97,153.01
2022-09-26,362.6444,32.26,38.78,151.23
2022-09-27,361.7186,32.6,39.64,151.54
2022-09-28,368.8359,30.18,37.05,154.69
2022-09-29,361.1313,31.84,37.47,154.66
2022-09-30,355.547,31.62,38.04,154.67
2022-10-03,364.9338,30.1,36.51,158.43
2022-10-04,376.2419,29.07,36.17,160.7
2022-10-05,375.3659,28.55,37.59,159.81
2022-10-06,371.4937,30.52,38.26,159.63
2022-10-07,361.1313,31.36,38.83,157.88
2022-10-10,358.374,32.45,38.88,155.48
2022-10-11,356.1044,33.63,39.39,155.16
2022-10-12,354.9298,33.57,39.02,155.99
2022-10-13,364.2968,31.94,39.52,154.91
2022-10-14,355.9949,32.02,40.1,152.98
2022-10-17,365.1429,31.37,40.15,153.42
2022-10-18,369.4332,30.5,39.98,153.75
2022-10-19,366.8152,30.76,41.27,151.69
2022-10-20,363.7393,29.98,42.26,151.45
2022-10-21,372.5787,29.69,42.13,154.15
2022-10-24,377.1378,29.85,42.34,153.65
2022-10-25,383.1601,28.46,41.08,154.0
2022-10-26,380.2734,27.28,40.15,154.98
2022-10-27,378.2427,27.39,39.37,154.74
2022-10-28,387.2414,25.75,40.1,153.16
2022-10-31,384.4442,25.88,40.77,151.91
2022-11-01,382.762,25.81,40.52,153.46
2022-11-02,373.1561,25.86,40.59,152.39
2022-11-03,369.3137,25.3,41.24,151.81
2022-11-04,374.6293,24.55,41.56,156.47
2022-11-07,378.2129,24.35,42.14,155.85
2022-11-08,380.2535,25.54,41.26,159.45
2022-11-09,372.4195,26.09,41.51,158.65
2022-11-10,392.8855,23.53,38.29,163.48
2022-11-11,396.688,22.52,38.13,164.56
2022-11-14,393.3135,23.73,38.65,164.92
2022-11-15,396.6681,24.54,37.99,165.5
2022-11-16,393.642,24.11,36.92,165.12
2022-11-17,392.4375,23.93,37.75,163.92
2022-11-18,394.2193,23.12,38.18,162.79
2022-11-21,392.7859,22.36,38.25,161.88
2022-11-22,398.0716,21.29,37.58,162.07
2022-11-23,400.5801,20.35,37.06,163.08
2022-11-24,400.5801,20.42,37.06,163.08
2022-11-25,400.4905,20.5,36.91,163.22
2022-11-28,394.0999,22.21,37.03,161.93
2022-11-29,393.423,21.89,37.48,162.73
2022-11-30,405.8161,20.58,37.03,164.81
2022-12-01,405.5174,19.84,35.29,167.84
2022-12-02,405.0496,19.06,35.06,167.26
2022-12-05,397.7631,20.75,35.99,164.39
2022-12-06,392.0294,22.17,35.13,164.84
2022-12-07,391.3625,22.68,34.08,166.33
2022-12-08,394.4284,22.29,34.91,166.47
2022-12-09,391.4819,22.83,35.67,167.06
2022-12-12,397.1264,25.0,36.11,165.68
2022-12-13,400.1326,22.55,35.01,168.51
2022-12-14,397.5743,21.14,35.03,168.1
2022-12-15,387.849,22.83,34.5,165.35
2022-12-16,383.27,22.62,34.82,166.79
2022-12-19,380.02,22.42,35.81,166.32
2022-12-20,380.54,21.48,36.84,169.08
2022-12-21,386.23,20.07,36.84,168.8
2022-12-22,380.72,21.97,36.69,166.76
2022-12-23,382.91,20.87,37.51,167.26
2022-12-27,381.4,21.65,38.6,168.67
2022-12-28,376.66,22.14,38.87,167.91
2022-12-29,383.44,21.44,38.35,168.85
2022-12-30,382.43,21.67,38.79,169.64
2023-01-03,380.82,22.9,37.93,171.06
2023-01-04,383.76,22.01,37.09,172.67
2023-01-05,379.38,22.46,37.2,170.52
2023-01-06,388.08,21.13,35.69,173.71
2023-01-09,387.86,21.97,35.17,174.1
2023-01-10,390.58,20.58,36.21,174.74
2023-01-11,395.52,21.09,35.54,174.62
2023-01-12,396.96,18.83,34.49,176.64
2023-01-13,398.5,18.35,35.11,178.76
2023-01-16,398.5,19.49,35.11,178.76
2023-01-17,397.77,19.36,35.35,177.59
2023-01-18,391.49,20.34,33.75,177.08
2023-01-19,388.64,20.52,33.99,179.89
2023-01-20,395.88,19.85,34.84,179.29
2023-01-23,400.63,19.81,35.25,179.63
2023-01-24,400.2,19.2,34.69,180.28
2023-01-25,400.35,19.08,34.62,181.11
2023-01-26,404.75,18.73,34.93,179.47
2023-01-27,405.68,18.51,35.18,179.22
2023-01-30,400.59,19.94,35.51,178.76
2023-01-31,406.48,19.4,35.29,179.41
2023-02-01,410.8,17.87,33.97,181.67
2023-02-02,416.78,18.73,33.96,177.9
2023-02-03,412.35,18.33,35.32,173.46
2023-02-06,409.83,19.43,36.34,173.82
2023-02-07,415.19,18.66,36.74,173.98
2023-02-08,410.65,19.63,36.53,174.41
2023-02-09,407.09,20.71,36.83,173.03
2023-02-10,408.04,20.53,37.44,173.36
2023-02-13,412.83,20.34,37.17,172.48
2023-02-14,412.64,18.91,37.61,172.61
2023-02-15,413.98,18.23,38.09,170.89
2023-02-16,408.28,20.17,38.43,170.75
2023-02-17,407.26,20.02,38.28,171.26
2023-02-20,407.26,21.23,38.28,171.26
2023-02-21,399.09,22.87,39.55,170.62
2023-02-22,398.54,22.29,39.23,169.66
2023-02-23,400.66,21.14,38.79,169.57
2023-02-24,396.38,21.67,39.49,168.35
2023-02-27,397.73,20.95,39.22,169.01
2023-02-28,396.26,20.7,39.16,169.78
2023-03-01,394.74,20.58,39.94,170.76
2023-03-02,397.81,19.59,40.73,170.66
2023-03-03,404.19,18.49,39.64,172.49
2023-03-06,404.47,18.61,39.83,171.62
2023-03-07,398.27,19.59,39.75,168.62
2023-03-08,398.92,19.11,39.76,168.54
2023-03-09,391.56,22.61,39.25,170.2
2023-03-10,385.91,24.8,36.95,173.87
2023-03-13,385.36,26.52,35.15,177.86
2023-03-14,391.73,23.73,36.38,176.83
2023-03-15,389.28,26.14,34.92,178.21
2023-03-16,396.11,22.99,35.85,178.57
2023-03-17,389.99,25.51,33.95,183.77
2023-03-20,393.74,24.15,34.81,183.84
2023-03-21,398.91,21.38,36.06,180.37
2023-03-22,392.11,22.26,35.0,183.44
2023-03-23,393.17,22.61,34.06,185.74
2023-03-24,395.75,21.74,33.8,183.65
2023-03-27,396.49,20.6,35.28,181.95
2023-03-28,395.6,19.97,35.64,183.44
2023-03-29,401.35,19.12,35.66,182.53
2023-03-30,403.7,19.02,35.51,184.18
2023-03-31,409.39,18.7,34.94,183.22
2023-04-03,410.95,18.55,34.3,184.54
2023-04-04,408.67,19.0,33.37,187.98
2023-04-05,407.6,19.08,32.87,187.83
2023-04-06,409.19,18.4,32.88,186.49
2023-04-10,409.61,18.97,34.15,185.11
2023-04-11,409.72,19.1,34.34,186.28
2023-04-12,408.05,19.09,34.21,187.19
2023-04-13,413.47,17.8,34.52,189.72
2023-04-14,412.46,17.07,35.22,186.36
2023-04-17,413.94,16.95,35.91,185.53
2023-04-18,414.21,16.83,35.72,186.25
2023-04-19,414.14,16.46,36.02,185.36
2023-04-20,411.88,17.17,35.45,186.09
2023-04-21,412.2,16.77,35.7,184.25
2023-04-24,412.63,16.89,35.15,184.81
2023-04-25,406.08,18.76,33.96,185.75
2023-04-26,404.36,18.84,34.32,184.74
2023-04-27,412.41,17.03,35.28,184.75
2023-04-28,415.93,15.78,34.52,184.8
2023-05-01,415.51,16.08,35.74,183.97
2023-05-02,410.84,17.78,34.39,187.52
2023-05-03,408.02,17.75,33.75,189.11
2023-05-04,405.13,17.75,33.75,190.44
2023-05-05,412.63,17.75,33.75,187.46
2023-05-08,412.74,17.75,33.75,187.69
2023-05-09,410.93,17.75,33.75,189.02
2023-05-10,412.85,17.75,33.75,188.75
2023-05-11,412.13,17.75,33.75,187.13
2023-05-12,411.59,17.75,33.75,186.81
2023-05-15,413.01,17.75,33.75,187.21
2023-05-16,410.25,17.75,33.75,184.87
2023-05-17,415.23,17.75,33.75,184.23
2023-05-18,419.23,17.75,33.75,181.84
2023-05-19,418.62,17.75,33.75,183.64
2023-05-22,418.79,17.75,33.75,183.21
2023-05-23,414.09,18.53,36.98,183.43
2023-05-24,411.09,20.03,37.19,181.95
2023-05-25,414.65,19.14,38.14,180.2
2023-05-26,420.02,17.95,38.1,180.92
2023-05-29,420.02,17.46,38.1,180.92
2023-05-30,420.18,17.46,37.0,182.04
2023-05-31,417.85,17.94,36.37,182.32
2023-06-01,421.82,15.65,36.08,183.76
2023-06-02,427.92,14.6,36.91,181.05
2023-06-05,427.1,14.73,36.93,182.14
2023-06-06,428.03,13.96,36.99,182.34
2023-06-07,426.55,13.94,37.84,180.15
2023-06-08,429.13,13.65,37.14,182.53
2023-06-09,429.9,13.83,37.45,182.04
2023-06-12,433.8,15.01,37.65,181.88
2023-06-13,436.66,14.61,38.39,180.54
2023-06-14,437.18,13.88,3.796,180.64
2023-06-15,440.9616,14.5,37.28,181.91
2023-06-16,439.46,13.54,37.69,181.63
2023-06-19,439.46,14.19,37.69,181.63
2023-06-20,437.18,13.88,37.29,179.75
2023-06-21,434.94,13.2,37.23,179.49
2023-06-22,436.51,12.91,37.99,177.71
2023-06-23,433.21,13.44,37.39,178.2
2023-06-26,431.44,14.25,37.19,178.51
2023-06-27,436.17,13.74,37.68,177.69
2023-06-28,436.39,13.43,37.1,177.28
2023-06-29,438.11,13.54,38.54,177.09
2023-06-30,443.28,13.59,38.19,178.27
2023-07-03,443.79,13.57,38.58,178.47
2023-07-04,443.79,13.7,38.58,178.47
2023-07-05,443.13,14.18,39.45,177.84
2023-07-06,439.66,15.44,40.41,177.31
2023-07-07,438.55,14.83,40.5,178.64
2023-07-10,439.66,15.07,40.06,178.78
2023-07-11,442.46,14.84,39.8,179.45
2023-07-12,446.02,13.54,38.61,181.88
2023-07-13,449.56,13.61,37.61,182.01
2023-07-14,449.28,13.34,38.19,181.43
2023-07-17,450.84,13.48,37.97,181.56
2023-07-18,454.19,13.3,37.89,183.64
2023-07-19,455.2,13.76,37.42,183.67
2023-07-20,452.18,13.99,38.54,182.74
2023-07-21,452.18,13.6,38.37,182.18
2023-07-24,454.2,13.91,38.57,181.4
2023-07-25,455.44,13.86,39.12,182.41
2023-07-26,455.51,13.19,38.51,183.3
2023-07-27,452.49,14.41,40.12,180.42
2023-07-28,456.92,13.33,39.69,181.86
2023-07-31,457.79,13.63,39.59,182.35
2023-08-01,456.48,13.93,40.51,180.46
2023-08-02,450.13,16.09,40.78,179.6
2023-08-03,448.84,15.92,41.89,179.54
2023-08-04,446.81,17.1,40.6,180.19
2023-08-07,450.71,15.77,40.78,179.78
2023-08-08,448.75,15.99,40.26,178.64
2023-08-09,445.75,15.96,40.12,177.79
2023-08-10,445.91,15.85,40.8,177.6
2023-08-11,445.65,14.84,41.68,177.6
2023-08-14,448.11,14.82,41.84,177.06
2023-08-15,442.89,16.46,42.21,176.59
2023-08-16,439.64,16.78,42.58,175.57
2023-08-17,436.29,17.89,43.08,175.3
2023-08-18,436.5,17.3,42.51,175.33
2023-08-21,439.34,17.13,43.42,175.81
2023-08-22,438.15,16.97,43.22,176.1
2023-08-23,443.03,15.98,43.22,177.89
2023-08-24,436.89,17.2,43.22,177.85
2023-08-25,439.97,15.68,43.22,177.62
2023-08-28,442.76,15.08,42.12,178.13
2023-08-29,449.16,14.45,41.22,179.87
2023-08-30,451.01,13.88,41.18,180.32
2023-08-31,450.35,13.57,40.93,180.02
2023-09-01,451.19,13.09,41.73,180.11
2023-09-04,451.19,13.82,41.73,180.11
2023-09-05,449.24,14.01,42.68,178.64
2023-09-06,446.22,14.45,42.9,177.83
2023-09-07,444.85,14.4,42.6,178.02
2023-09-08,445.52,13.84,42.6,178.08
2023-09-11,448.45,14.08,42.9,178.41
2023-09-12,445.99,14.23,42.64,177.49
2023-09-13,446.51,13.48,42.49,177.08
2023-09-14,448.7768,12.82,42.88,177.17
2023-09-15,443.37,13.79,43.22,178.34
2023-09-18,443.63,14.0,43.19,179.39
2023-09-19,442.71,14.11,43.65,179.22
2023-09-20,438.64,15.14,43.49,179.35
2023-09-21,431.39,17.54,44.8,178.05
2023-09-22,430.42,17.2,44.38,178.62
2023-09-25,432.23,16.9,45.42,177.7
2023-09-26,425.88,18.94,45.58,176.28
2023-09-27,426.05,18.22,46.26,174.1
2023-09-28,428.52,17.34,45.97,173.23
2023-09-29,427.48,17.52,45.73,171.45
2023-10-02,427.31,17.61,46.83,169.65
2023-10-03,421.59,19.78,48.02,169.16
2023-10-04,424.66,18.58,47.35,169.14
2023-10-05,424.5,18.49,47.17,168.83
2023-10-06,429.54,17.45,47.84,169.7
2023-10-09,432.29,17.7,47.97,172.82
2023-10-10,434.54,17.03,46.55,172.53
2023-10-11,436.32,16.09,45.95,173.79
2023-10-12,433.66,16.69,47.12,173.26
2023-10-13,431.5,19.32,46.29,178.83
2023-10-16,436.04,17.21,47.12,177.96
2023-10-17,436.02,17.88,48.47,178.29
2023-10-18,430.21,19.22,49.04,180.87
2023-10-19,426.43,21.4,49.88,183.09
2023-10-20,421.19,21.71,49.24,183.59
2023-10-23,420.46,20.37,48.38,182.97
2023-10-24,423.63,18.97,48.4,182.95
2023-10-25,417.55,20.19,49.53,183.72
2023-10-26,412.55,20.68,48.45,184.01
2023-10-27,410.68,21.27,48.45,186.15
2023-10-30,415.59,19.75,48.75,185.1
2023-10-31,418.2,18.14,48.75,184.09
2023-11-01,422.66,16.87,47.89,183.51
2023-11-02,430.76,15.66,46.69,184.12
2023-11-03,434.69,14.91,45.58,184.79
2023-11-06,435.69,14.89,46.62,183.35
2023-11-07,436.93,14.81,45.71,182.59
2023-11-08,437.25,14.45,45.23,180.77
2023-11-09,433.84,15.29,46.3,181.49
2023-11-10,440.61,14.17,46.28,179.51
2023-11-13,440.19,14.76,46.32,180.51
2023-11-14,448.73,14.16,44.41,182.12
2023-11-15,449.68,14.18,45.35,181.64
2023-11-16,450.23,14.32,44.45,183.69
2023-11-17,450.79,13.8,44.41,183.67
2023-11-20,454.26,13.41,44.22,183.37
2023-11-21,453.27,13.35,44.18,185.35
2023-11-22,455.02,12.85,44.16,184.56
2023-11-23,455.02,12.8,44.16,184.56
2023-11-24,455.3,12.46,44.72,185.52
2023-11-27,454.48,12.69,43.89,186.77
2023-11-28,454.93,12.69,43.36,189.26
2023-11-29,454.61,12.98,42.71,189.54
2023-11-30,456.4,12.92,43.52,188.75
2023-12-01,459.1,12.63,42.26,192.01
2023-12-04,456.69,13.08,42.88,187.86
2023-12-05,456.6,12.85,41.71,187.15
2023-12-06,454.76,12.97,41.21,187.84
2023-12-07,458.23,13.06,41.29,188.15
2023-12-08,460.2,12.35,42.45,185.64
2023-12-11,461.99,12.63,42.39,183.59
2023-12-12,464.1,12.07,42.06,183.49
2023-12-13,470.5,12.19,40.33,187.63
2023-12-14,470.1039,12.48,39.3,188.73
2023-12-15,469.33,12.28,39.28,187.0
2023-12-18,471.97,12.56,39.54,187.85
2023-12-19,474.84,12.53,39.22,189.13
2023-12-20,468.26,13.67,38.77,188.1
2023-12-21,472.7,13.65,38.94,189.43
2023-12-22,473.65,13.03,39.01,190.27
2023-12-26,475.65,12.99,38.86,191.72
2023-12-27,476.51,12.43,37.89,192.59
2023-12-28,476.69,12.47,38.5,191.47
2023-12-29,475.31,12.45,38.66,191.17
2024-01-02,472.65,13.2,39.46,190.72
2024-01-03,468.79,14.04,39.07,189.13
2024-01-04,467.28,14.13,39.91,189.32
2024-01-05,467.92,13.35,40.42,189.35
2024-01-08,474.6,13.08,40.02,187.87
2024-01-09,473.88,12.76,40.19,187.93
2024-01-10,476.56,12.69,40.3,187.5
2024-01-11,476.35,12.44,39.77,187.87
2024-01-12,476.68,12.7,39.5,189.71
2024-01-15,476.68,13.25,39.5,189.71
2024-01-16,474.93,13.84,40.66,187.91
2024-01-17,472.29,14.79,41.06,185.84
2024-01-18,476.49,14.13,41.44,187.37
2024-01-19,482.43,13.3,41.46,187.93
2024-01-22,483.45,13.19,40.94,187.22
2024-01-23,484.86,12.55,41.42,187.95
2024-01-24,485.39,13.14,41.78,186.4
2024-01-25,488.03,13.45,41.32,187.14
2024-01-26,487.41,13.26,41.6,187.01
2024-01-29,491.27,13.6,40.91,188.33
2024-01-30,490.89,13.31,40.59,188.59
2024-01-31,482.88,14.35,39.67,188.45
2024-02-01,489.2,13.88,38.63,190.41
2024-02-02,494.35,13.85,40.33,188.61
2024-02-05,492.55,13.67,41.64,187.57
2024-02-06,493.98,13.06,40.9,188.55
2024-02-07,498.1,12.83,41.1,188.5
2024-02-08,498.32,12.79,41.7,188.33
2024-02-09,501.2,12.93,41.87,187.6
2024-02-12,500.98,13.93,41.72,187.11
2024-02-13,494.08,15.85,43.16,184.53
2024-02-14,498.57,15.85,43.16,184.42
2024-02-15,502.01,15.85,43.16,185.66
2024-02-16,499.51,14.24,42.95,186.34
2024-02-20,496.76,15.42,42.95,187.47
2024-02-21,497.21,15.34,42.95,187.48
2024-02-22,507.5,14.54,42.95,187.56
2024-02-23,507.85,13.75,42.6,188.62
2024-02-26,505.99,13.74,42.6,188.2
2024-02-27,506.93,13.43,42.6,188.0
2024-02-28,506.26,13.84,42.6,188.34
2024-02-29,508.08,13.4,42.6,189.31
2024-03-01,512.85,13.11,42.6,192.89
2024-03-04,512.3,13.49,42.6,196.01
2024-03-05,507.18,14.46,42.6,197.19
2024-03-06,509.75,14.5,41.04,198.81
2024-03-07,514.81,14.44,40.92,199.94
2024-03-08,511.72,14.74,40.89,201.63
2024-03-11,511.28,15.22,41.04,202.0
2024-03-12,516.78,13.84,41.55,199.79
2024-03-13,515.97,13.75,41.92,201.19
2024-03-14,513.3551,14.4,42.98,200.35
2024-03-15,509.83,14.41,43.04,199.71
2024-03-18,512.86,14.41,43.4,200.03
2024-03-19,515.71,13.82,42.97,199.8
2024-03-20,520.48,13.04,42.73,202.18
2024-03-21,522.2,12.92,42.71,201.97
2024-03-22,521.21,13.06,42.18,200.35
2024-03-25,519.77,13.19,42.53,200.99
2024-03-26,518.81,13.24,42.34,201.64
2024-03-27,523.17,12.78,41.96,203.1
2024-03-28,523.07,13.01,42.06,205.72
2024-03-29,523.07,13.01,42.06,205.72
2024-04-01,522.16,13.65,43.29,207.82
2024-04-02,518.84,14.61,43.65,210.89
2024-04-03,519.41,14.33,43.55,212.74
2024-04-04,513.07,16.35,43.09,211.52
2024-04-05,518.43,16.03,43.78,215.14
2024-04-08,518.72,15.19,43.78,216.48
2024-04-09,519.32,14.98,43.78,217.67
2024-04-10,514.12,15.8,43.78,215.61
2024-04-11,518.0,14.91,43.78,219.8
2024-04-12,510.85,17.31,43.78,216.89
2024-04-15,504.45,19.23,43.78,220.95
2024-04-16,503.53,18.4,43.78,221.22
2024-04-17,500.55,18.21,43.78,219.59
2024-04-18,499.52,18.0,43.78,220.34
2024-04-19,495.16,18.71,43.78,221.03
2024-04-22,499.72,16.94,43.78,215.57
2024-04-23,505.65,15.69,43.78,215.04
2024-04-24,505.41,15.97,43.78,214.64
2024-04-25,503.49,15.37,43.78,215.92
2024-04-26,508.26,15.03,43.78,216.62
2024-04-29,510.06,14.67,43.78,216.18
2024-04-30,501.98,15.65,43.78,211.87
2024-05-01,500.35,15.39,43.78,213.79
2024-05-02,505.03,14.68,43.78,213.13
2024-05-03,511.29,13.49,43.78,212.96
2024-05-06,516.57,13.49,43.78,215.2
2024-05-07,517.14,13.23,43.78,214.21
2024-05-08,517.19,13.0,43.78,213.58
2024-05-09,520.17,12.69,43.78,216.95
2024-05-10,520.84,12.55,43.78,218.71
2024-05-13,520.91,13.6,43.78,216.26
2024-05-14,523.3,13.42,43.78,218.09
2024-05-15,529.78,12.45,43.78,220.89
2024-05-16,528.69,12.42,43.78,220.03
2024-05-17,529.45,11.99,43.78,223.66
2024-05-20,530.06,12.15,43.78,224.56
2024-05-21,531.36,11.86,43.78,224.23
2024-05-22,529.83,12.29,43.78,220.11
2024-05-23,525.96,12.77,43.78,215.72
2024-05-24,529.44,11.93,43.78,215.92
2024-05-27,529.44,12.36,43.78,215.92
2024-05-28,529.81,12.92,43.78,218.19
2024-05-29,526.1,14.28,43.78,216.16
2024-05-30,522.61,14.47,43.78,216.57
2024-05-31,527.37,12.92,43.78,215.3
2024-06-03,527.8,13.11,43.78,217.22
2024-06-04,528.39,13.16,43.78,215.27
2024-06-05,534.67,12.63,43.78,217.82
2024-06-06,534.66,12.58,43.78,219.43
2024-06-07,534.01,12.22,43.78,211.6
2024-06-10,535.66,12.74,43.78,213.54
2024-06-11,536.95,12.85,43.78,214.15
2024-06-12,541.36,12.04,43.78,214.72
2024-06-13,542.45,11.94,43.78,212.97
2024-06-14,542.78,12.66,42.13,215.73
2024-06-17,547.1,12.75,42.13,214.61
2024-06-18,548.49,12.3,42.13,215.47
2024-06-19,548.49,12.48,42.13,215.47
2024-06-20,545.241,13.28,42.13,218.16
2024-06-21,544.51,13.2,42.13,214.78
2024-06-24,542.74,13.33,42.13,215.63
2024-06-25,544.83,12.84,42.13,214.56
2024-06-26,545.51,12.55,42.13,212.58
2024-06-27,546.37,12.24,42.13,214.99
2024-06-28,544.22,12.44,43.43,215.01
2024-07-01,545.34,12.22,43.43,215.57
2024-07-02,549.01,12.03,43.43,215.56
2024-07-03,551.46,12.09,43.43,217.99
2024-07-04,551.46,12.26,43.43,217.99
2024-07-05,554.64,12.48,43.43,220.93
2024-07-08,555.28,12.37,43.43,218.19
2024-07-09,555.82,12.51,43.43,218.56
2024-07-10,561.32,12.85,43.43,219.36
2024-07-11,556.48,12.92,43.43,223.25
2024-07-12,559.99,12.46,43.43,223.11
2024-07-15,561.53,13.12,43.43,223.83
2024-07-16,564.86,13.19,43.43,228.29
2024-07-17,556.94,14.48,43.43,227.23
2024-07-18,552.66,15.93,43.43,225.78
2024-07-19,548.99,16.52,43.43,221.73
2024-07-22,554.65,14.91,43.43,221.8
2024-07-23,553.78,14.72,43.43,222.58
2024-07-24,541.23,18.04,43.43,221.8
2024-07-25,538.41,18.46,43.43,218.33
2024-07-26,544.44,16.39,43.43,220.63
2024-07-29,544.76,16.6,43.43,220.32
2024-07-30,542.0,17.69,43.43,222.52
2024-07-31,550.81,16.36,43.43,226.55
2024-08-01,543.01,18.59,43.43,225.77
2024-08-02,532.9,23.39,37.92,225.34
2024-08-05,517.38,38.57,37.92,222.48
2024-08-06,522.15,27.71,37.92,220.7
2024-08-07,518.66,27.85,37.92,220.55
2024-08-08,530.65,23.79,37.92,224.01
2024-08-09,532.99,20.37,39.42,224.56
2024-08-12,533.27,20.71,39.42,228.41
2024-08-13,542.04,18.12,39.42,228.06
2024-08-14,543.75,16.19,39.42,226.2
2024-08-15,553.07,15.23,39.42,226.91
2024-08-16,554.31,14.8,39.42,231.99
2024-08-19,559.61,14.65,39.42,231.61
2024-08-20,558.7,15.88,39.42,232.46
2024-08-21,560.62,16.27,39.42,232.15
2024-08-22,556.22,17.54,39.42,229.37
2024-08-23,562.13,15.79,39.42,232.02
2024-08-26,560.79,16.1,39.42,232.76
2024-08-27,561.56,15.42,39.42,233.39
2024-08-28,558.3,17.11,39.42,231.75
2024-08-29,558.35,15.65,39.42,232.95
2024-08-30,563.68,15.0,39.42,231.29
2024-09-02,563.68,15.55,39.42,231.29
2024-09-03,552.08,20.72,39.42,230.29
2024-09-04,550.95,21.32,39.42,230.43
2024-09-05,549.61,19.9,39.42,232.35
2024-09-06,540.36,22.38,39.42,230.63
2024-09-09,546.41,19.45,39.42,231.6
2024-09-10,548.79,19.08,39.42,232.62
2024-09-11,554.42,17.69,39.42,232.25
2024-09-12,559.09,17.07,39.42,236.33
2024-09-13,562.01,16.56,39.42,238.68
2024-09-16,562.84,17.14,39.42,238.66
2024-09-17,563.07,17.61,39.42,237.34
2024-09-18,561.4,18.23,39.42,235.51
2024-09-19,569.234,16.33,39.42,239.17
2024-09-20,568.25,16.15,39.42,242.21
2024-09-23,569.67,15.89,39.42,242.68
2024-09-24,571.3,15.39,39.42,246.07
2024-09-25,570.04,15.41,39.42,245.73
2024-09-26,572.3,15.37,39.42,246.98
2024-09-27,571.47,16.96,39.42,245.02
2024-09-30,573.76,16.73,39.42,243.06
2024-10-01,568.62,19.26,39.42,245.61
2024-10-02,568.86,18.9,39.42,245.66
2024-10-03,567.82,20.49,39.42,245.49
2024-10-04,572.98,19.21,39.42,245.0
2024-10-07,567.8,22.64,39.42,244.17
2024-10-08,573.17,21.42,39.42,242.37
2024-10-09,577.14,20.86,39.42,241.05
2024-10-10,576.13,20.93,39.42,242.82
2024-10-11,579.58,20.46,39.42,245.47
2024-10-14,584.32,19.7,39.42,245.07
2024-10-15,579.78,20.64,39.42,245.92
2024-10-16,582.3,19.58,39.42,247.15
2024-10-17,582.35,19.11,39.42,248.63
2024-10-18,584.59,18.03,39.42,251.27
2024-10-21,583.63,18.37,39.42,251.22
2024-10-22,583.32,18.2,39.42,253.93
2024-10-23,577.99,19.24,39.42,250.87
2024-10-24,579.24,19.08,39.42,252.8
2024-10-25,579.04,20.33,39.42,253.32
2024-10-28,580.83,19.8,39.42,253.33
2024-10-29,581.77,19.34,39.42,256.09
2024-10-30,580.01,20.35,39.42,257.5
2024-10-31,568.64,23.16,39.42,253.51
2024-11-01,571.04,21.88,39.42,252.47
2024-11-04,569.81,21.98,39.42,252.83
2024-11-05,576.7,20.49,39.42,253.4
2024-11-06,591.04,16.27,39.42,245.7
2024-11-07,595.61,15.2,39.42,249.65
2024-11-08,598.19,14.94,39.42,247.96
2024-11-11,598.76,14.97,39.42,242.14
2024-11-12,596.9,14.71,39.42,240.05
2024-11-13,597.19,14.02,39.42,237.63
2024-11-14,593.35,14.31,39.42,237.01
2024-11-15,585.75,16.14,39.42,236.59
2024-11-18,588.15,15.58,39.42,241.09
2024-11-19,590.3,16.35,39.42,243.25
2024-11-20,590.5,17.16,39.42,244.62
2024-11-21,593.67,16.87,39.42,246.66
2024-11-22,595.51,15.24,39.42,249.84
2024-11-25,597.53,14.6,39.42,242.48
2024-11-26,600.65,14.1,39.42,242.95
2024-11-27,598.83,14.1,39.42,243.49
2024-11-28,598.83,13.9,39.42,243.49
2024-11-29,602.55,13.51,41.78,245.59
2024-12-02,603.63,13.34,41.78,243.44
2024-12-03,603.91,13.3,41.78,243.93
2024-12-04,607.66,13.45,41.78,244.67
2024-12-05,606.66,13.54,41.78,242.86
2024-12-06,607.81,12.77,41.51,242.95
2024-12-09,604.68,14.19,41.51,245.36
2024-12-10,602.8,14.18,41.51,248.59
2024-12-11,607.46,13.58,41.51,250.96
2024-12-12,604.33,13.92,41.51,247.28
2024-12-13,604.21,13.81,43.99,244.29
2024-12-16,606.79,14.69,43.99,244.88
2024-12-17,604.29,15.87,43.99,243.94
2024-12-18,586.28,27.62,43.99,239.26
2024-12-19,586.1,24.09,43.99,239.6
2024-12-20,591.15,18.36,45.24,242.1
2024-12-23,594.69,16.78,45.24,240.96
2024-12-24,601.3,14.27,45.24,241.44
2024-12-26,601.34,14.73,45.24,243.07
2024-12-27,595.01,15.95,46.19,241.4
2024-12-30,588.22,17.4,46.19,240.63
2024-12-31,586.08,17.35,46.19,242.13
2025-01-02,584.64,17.93,46.19,245.42
2025-01-03,591.95,16.13,45.96,243.49
2025-01-06,595.36,16.04,45.96,243.19
2025-01-07,588.63,17.82,45.96,244.56
2025-01-08,589.49,17.7,45.96,245.86
2025-01-09,589.49,18.07,45.96,245.86
2025-01-10,580.49,19.54,45.96,248.21
2025-01-13,581.39,19.19,45.96,245.74
2025-01-14,582.19,18.71,45.96,247.03
2025-01-15,592.78,16.12,45.96,248.88
2025-01-16,591.64,16.6,45.96,250.6
2025-01-17,597.58,15.97,4.609,249.27
2025-01-20,597.58,15.81,4.609,249.27
2025-01-21,603.05,15.06,4.574,253.13
2025-01-22,606.44,15.1,4.599,254.43
2025-01-23,609.75,15.02,4.638,254.07
2025-01-24,607.97,14.85,4.626,255.65
2025-01-27,599.37,17.9,4.528,252.99
2025-01-28,604.52,16.41,4.551,255.18
2025-01-29,601.81,16.56,4.555,254.2
2025-01-30,605.04,15.84,4.512,258.05
2025-01-31,601.82,16.43,4.569,258.56
2025-02-03,597.77,18.62,4.543,259.94
2025-02-04,601.78,17.21,4.513,262.5
2025-02-05,604.22,15.77,4.448,264.13
2025-02-06,606.32,15.5,4.448,263.43
2025-02-07,600.77,16.54,44.87,263.9
2025-02-10,604.85,15.81,44.87,268.37
2025-02-11,605.31,16.02,44.87,267.39
2025-02-12,603.36,15.89,44.87,267.67
2025-02-13,609.73,15.1,44.87,270.31
2025-02-14,609.7,14.77,44.87,266.29
2025-02-17,609.7,15.37,44.87,266.29
2025-02-18,611.49,15.35,44.87,270.7
2025-02-19,612.93,15.27,44.87,270.85
2025-02-20,610.38,15.66,44.87,270.99
2025-02-21,599.94,18.21,44.2,270.74
2025-02-24,597.21,18.98,44.2,272.21
2025-02-25,594.24,19.43,44.2,268.62
2025-02-26,594.54,19.1,44.2,269.03
2025-02-27,585.05,21.13,44.2,264.93
2025-02-28,594.18,19.63,44.2,263.27
2025-03-03,583.77,22.78,44.2,266.74
2025-03-04,576.86,23.51,44.2,269.06
2025-03-05,583.06,21.93,44.2,269.62
2025-03-06,572.71,24.87,44.2,268.25
2025-03-07,575.92,23.37,44.2,268.39
2025-03-10,560.58,27.86,44.2,266.04
2025-03-11,555.92,26.92,44.2,269.16
2025-03-12,558.87,24.23,44.2,270.33
2025-03-13,551.42,24.66,44.2,275.13
2025-03-14,562.81,21.77,43.08,275.24
2025-03-17,567.15,21.77,43.08,276.73
2025-03-18,561.02,21.7,43.08,279.96
2025-03-19,567.13,19.9,43.08,281.11
2025-03-20,565.49,19.8,43.08,280.75
2025-03-21,563.98,19.28,43.08,278.49
2025-03-24,574.08,17.48,43.08,277.25
2025-03-25,575.46,17.15,43.08,278.47
2025-03-26,568.59,18.33,43.08,278.24
2025-03-27,567.08,18.69,43.08,281.97
2025-03-28,555.66,21.65,43.08,284.06
2025-03-31,559.39,22.28,43.08,288.14
2025-04-01,560.97,21.77,43.08,287.57
2025-04-02,564.52,21.51,43.08,288.16
2025-04-03,536.7,30.02,43.08,286.42
2025-04-04,505.28,45.31,39.85,279.72
2025-04-07,504.38,46.98,39.85,273.71
2025-04-08,496.48,52.33,39.85,275.2
2025-04-09,548.62,33.62,39.85,285.38
2025-04-10,524.58,40.72,39.85,292.35
2025-04-11,533.94,37.56,44.93,297.93
2025-04-14,539.12,30.89,44.93,296.23
2025-04-15,537.61,30.12,44.93,297.78
2025-04-16,525.66,32.64,44.93,307.47
2025-04-17,526.41,29.65,44.93,306.12
2025-04-21,513.88,33.82,44.93,315.59
2025-04-22,527.25,30.57,44.93,311.11
2025-04-23,535.42,28.45,44.93,303.65
2025-04-24,546.69,26.47,44.93,308.07
2025-04-25,550.64,24.84,42.66,304.73
2025-04-28,550.85,25.15,42.66,309.07
2025-04-29,554.32,24.17,42.66,306.06
2025-04-30,554.54,24.7,42.66,303.77
2025-05-01,558.47,24.6,42.66,297.46
2025-05-02,566.76,22.68,42.66,297.98
2025-05-05,563.51,23.64,42.66,306.88
2025-05-06,558.8,24.76,42.66,315.48
2025-05-07,561.15,23.55,42.66,310.75
2025-05-08,565.06,22.48,42.66,304.63
2025-05-09,564.34,21.9,42.66,306.84
2025-05-12,582.99,18.39,42.66,298.19
2025-05-13,586.84,18.22,42.66,299.46
2025-05-14,587.59,18.62,42.66,293.16
2025-05-15,590.46,17.83,42.66,297.84
2025-05-16,594.2,17.24,42.66,294.24
2025-05-19,594.85,18.14,42.66,298.03
2025-05-20,592.85,18.09,42.66,303.58
2025-05-21,582.86,20.87,42.66,305.82
2025-05-22,583.09,20.28,42.66,303.11
2025-05-23,579.11,22.29,42.66,309.75
2025-05-26,579.11,20.57,42.66,309.75
2025-05-27,591.15,18.96,42.66,304.5
2025-05-28,587.73,19.31,42.66,303.81
2025-05-29,590.05,19.18,42.66,305.61
2025-05-30,589.39,18.57,42.66,303.6
2025-06-02,592.71,18.36,42.66,311.67
2025-06-03,596.09,17.69,42.66,308.91
2025-06-04,595.93,17.61,42.66,310.9
2025-06-05,593.05,18.48,42.66,309.33
2025-06-06,599.14,16.77,42.66,305.18
2025-06-09,599.68,17.16,42.66,306.62
2025-06-10,603.08,16.95,42.66,306.71
2025-06-11,601.36,17.26,42.66,308.37
2025-06-12,603.75,18.02,42.66,312.2
2025-06-13,597.0,20.82,42.66,316.29
2025-06-16,602.68,19.11,42.66,311.78
2025-06-17,597.53,21.6,42.66,311.94
2025-06-18,597.44,20.14,42.66,310.26
2025-06-19,597.44,22.17,42.66,310.26
2025-06-20,594.28,20.62,43.75,310.13
2025-06-23,600.15,19.83,43.75,311.08
2025-06-24,606.78,17.48,43.75,306.19
2025-06-25,607.12,16.76,43.75,307.12
2025-06-26,611.87,16.59,43.75,306.78
2025-06-27,614.91,16.32,42.83,301.22
2025-06-30,617.85,16.73,42.83,304.83
2025-07-01,617.65,16.83,42.83,307.55
2025-07-02,620.45,16.64,42.83,309.25
2025-07-03,625.34,16.38,42.83,307.14
2025-07-04,625.34,17.48,42.83,307.14
2025-07-07,620.68,17.79,42.83,307.37
2025-07-08,620.34,16.81,42.83,304.16
2025-07-09,624.06,15.94,42.83,305.52
2025-07-10,625.82,15.78,42.83,306.2
2025-07-11,623.62,16.4,44.23,309.14
2025-07-14,624.81,17.2,44.23,308.01
2025-07-15,622.14,17.38,44.23,306.73
2025-07-16,624.22,17.16,44.23,308.26
2025-07-17,628.04,16.52,44.23,307.59
2025-07-18,627.58,16.41,44.32,308.39
2025-07-21,628.77,16.65,44.32,313.13
2025-07-22,628.86,16.5,44.32,316.1
2025-07-23,634.21,15.37,44.32,312.18
2025-07-24,634.42,15.39,44.32,310.27
2025-07-25,637.1,14.93,43.86,307.4
2025-07-28,636.94,15.03,43.86,305.41
2025-07-29,635.26,15.98,43.86,306.25
2025-07-30,634.46,15.48,43.86,300.96
2025-07-31,632.08,16.72,43.86,302.96
2025-08-01,621.72,20.38,42.2,309.11
2025-08-04,631.17,17.52,42.2,310.91
2025-08-05,627.97,17.85,42.2,311.16
2025-08-06,632.78,16.77,42.2,310.5
2025-08-07,632.25,16.57,42.2,313.12
2025-08-08,637.18,15.15,42.85,313.05
2025-08-11,635.92,16.25,42.85,308.55
2025-08-12,642.69,14.73,42.85,308.27
2025-08-13,644.89,14.49,42.85,309.21
2025-08-14,644.95,14.83,42.85,307.25
2025-08-15,643.44,15.09,43.28,307.43
2025-08-18,643.3,14.99,43.28,306.95
2025-08-19,639.81,15.57,43.28,305.27
2025-08-20,638.11,15.69,43.28,308.36
2025-08-21,635.55,16.6,43.28,307.29
2025-08-22,645.31,14.22,42.6,310.58
2025-08-25,642.47,14.79,42.6,309.83
2025-08-26,642.47,15.13,42.6,309.83
